datetime,open,high,low,close,volume
2024-12-30 09:00:00,78637.58,78637.58,78637.58,78637.58,0
2024-12-30 09:15:00,78611.85,78703.27,78539.65,78541.06,0
2024-12-30 09:30:00,78526.69,78574.7,78395.5,78447.62,0
2024-12-30 09:45:00,78446.05,78605.8,78424.54,78456.44,0
2024-12-30 10:00:00,78457.31,78641.1,78457.31,78637.16,0
2024-12-30 10:15:00,78636.7,78674.73,78569.42,78660.05,0
2024-12-30 10:30:00,78659.79,78700.97,78639.53,78686.09,0
2024-12-30 10:45:00,78682.35,78835.3,78681.36,78707.83,0
2024-12-30 11:00:00,78708.54,78720.5,78613.31,78661.46,0
2024-12-30 11:15:00,78660.07,78835.24,78648.43,78830.35,0
2024-12-30 11:30:00,78830.56,78972.92,78830.56,78969.56,0
2024-12-30 11:45:00,78971.81,79092.7,78938.6,79044.64,0
2024-12-30 12:00:00,79045.2,79058.69,78945.84,78997.65,0
2024-12-30 12:15:00,78998.42,79005.37,78675.97,78680.72,0
2024-12-30 12:30:00,78676.82,78739.27,78533.04,78713.74,0
2024-12-30 12:45:00,78714.04,78768.24,78618.47,78697.13,0
2024-12-30 13:00:00,78697.02,78699.49,78566.73,78603.42,0
2024-12-30 13:15:00,78603.51,78650.43,78441.47,78448.01,0
2024-12-30 13:30:00,78447.74,78464.73,78278.17,78329.71,0
2024-12-30 13:45:00,78330.45,78332.41,78163.28,78232.27,0
2024-12-30 14:00:00,78233.82,78238.4,78142.67,78153.69,0
2024-12-30 14:15:00,78154.51,78200.65,78101.7,78129.42,0
2024-12-30 14:30:00,78128.97,78254.88,78128.97,78245.64,0
2024-12-30 14:45:00,78241.77,78410.53,78218.31,78406.56,0
2024-12-30 15:00:00,78397.78,78409.2,78077.13,78151.65,0
2024-12-30 15:15:00,78154.07,78375.86,78151.63,78216.96,0
2024-12-30 15:30:00,78216.73,78248.13,78216.73,78248.13,0
2024-12-31 09:00:00,77982.57,77982.57,77982.57,77982.57,0
2024-12-31 09:15:00,77997.49,77997.49,77779.99,77834.27,0
2024-12-31 09:30:00,77831.59,77970.76,77732.18,77768.54,0
2024-12-31 09:45:00,77765.41,77801.42,77689.23,77787.12,0
2024-12-31 10:00:00,77791.68,77828.8,77560.79,77580.03,0
2024-12-31 10:15:00,77580.5,77866.92,77580.5,77728.5,0
2024-12-31 10:30:00,77723.71,77849.45,77715.81,77847.88,0
2024-12-31 10:45:00,77848.71,78016.39,77765.97,77930.26,0
2024-12-31 11:00:00,77930.56,78062.69,77886.98,78059.06,0
2024-12-31 11:15:00,78058.75,78069.39,77989.12,78010.65,0
2024-12-31 11:30:00,78011.7,78080.78,77942.08,78080.78,0
2024-12-31 11:45:00,78081.08,78086.39,77982.29,78016.92,0
2024-12-31 12:00:00,78021.82,78039.0,77922.96,77988.34,0
2024-12-31 12:15:00,77987.79,78070.71,77978.89,78056.96,0
2024-12-31 12:30:00,78057.26,78089.58,77995.1,77998.44,0
2024-12-31 12:45:00,77996.91,78022.61,77950.93,77964.55,0
2024-12-31 13:00:00,77963.28,78016.55,77958.61,77988.69,0
2024-12-31 13:15:00,77992.16,78100.11,77959.97,78094.43,0
2024-12-31 13:30:00,78102.3,78233.73,78065.86,78160.9,0
2024-12-31 13:45:00,78161.68,78189.95,78144.74,78162.21,0
2024-12-31 14:00:00,78164.66,78305.34,78150.11,78273.46,0
2024-12-31 14:15:00,78272.3,78273.08,78082.0,78142.31,0
2024-12-31 14:30:00,78142.41,78173.56,78087.26,78158.07,0
2024-12-31 14:45:00,78157.95,78203.19,78135.21,78193.39,0
2024-12-31 15:00:00,78191.02,78201.97,78079.32,78139.87,0
2024-12-31 15:15:00,78141.5,78226.47,78103.37,78226.47,0
2024-12-31 15:30:00,78139.01,78139.01,78139.01,78139.01,0
2025-01-01 09:00:00,79903.91,79903.91,78238.65,78265.07,0
2025-01-01 09:15:00,78203.89,78271.05,78054.26,78148.22,0
2025-01-01 09:30:00,78146.68,78178.23,77991.6,78017.7,0
2025-01-01 09:45:00,78017.48,78021.87,77898.91,77990.43,0
2025-01-01 10:00:00,77988.43,78181.6,77952.63,78128.71,0
2025-01-01 10:15:00,78125.59,78215.91,78094.52,78215.91,0
2025-01-01 10:30:00,78215.3,78255.39,78160.78,78214.84,0
2025-01-01 10:45:00,78215.87,78537.59,78212.64,78508.21,0
2025-01-01 11:00:00,78507.12,78564.36,78476.39,78542.75,0
2025-01-01 11:15:00,78541.28,78637.66,78459.87,78510.03,0
2025-01-01 11:30:00,78510.63,78535.46,78357.49,78440.37,0
2025-01-01 11:45:00,78440.28,78482.55,78312.78,78321.29,0
2025-01-01 12:00:00,78326.27,78432.7,78326.27,78426.72,0
2025-01-01 12:15:00,78426.91,78590.81,78416.99,78528.9,0
2025-01-01 12:30:00,78529.71,78609.0,78525.49,78566.52,0
2025-01-01 12:45:00,78570.6,78620.82,78475.61,78475.67,0
2025-01-01 13:00:00,78476.48,78498.77,78425.51,78442.74,0
2025-01-01 13:15:00,78443.31,78516.61,78437.85,78500.4,0
2025-01-01 13:30:00,78498.35,78537.13,78439.84,78513.26,0
2025-01-01 13:45:00,78514.11,78623.73,78510.3,78623.73,0
2025-01-01 14:00:00,78625.0,78753.07,78625.0,78649.8,0
2025-01-01 14:15:00,78650.28,78660.16,78596.83,78611.88,0
2025-01-01 14:30:00,78617.79,78657.68,78573.59,78578.64,0
2025-01-01 14:45:00,78578.41,78581.46,78476.07,78490.0,0
2025-01-01 15:00:00,78487.66,78514.32,78440.8,78495.45,0
2025-01-01 15:15:00,78496.27,78596.8,78475.2,78581.23,0
2025-01-01 15:30:00,78582.1,78582.1,78507.41,78507.41,0
2025-01-02 09:00:00,79055.46,79264.89,78261.73,78657.52,0
2025-01-02 09:15:00,78672.24,78749.22,78565.78,78576.46,0
2025-01-02 09:30:00,78563.83,78821.45,78542.44,78780.62,0
2025-01-02 09:45:00,78783.84,78892.89,78683.02,78819.31,0
2025-01-02 10:00:00,78821.69,78936.16,78799.83,78823.17,0
2025-01-02 10:15:00,78826.0,78989.01,78804.49,78971.11,0
2025-01-02 10:30:00,78974.02,78997.36,78901.88,78967.04,0
2025-01-02 10:45:00,78967.32,79154.23,78950.22,79144.32,0
2025-01-02 11:00:00,79143.82,79212.64,79097.06,79182.28,0
2025-01-02 11:15:00,79182.39,79233.97,79123.21,79227.89,0
2025-01-02 11:30:00,79230.18,79263.26,79171.76,79200.33,0
2025-01-02 11:45:00,79199.46,79205.07,79083.87,79128.85,0
2025-01-02 12:00:00,79132.84,79231.3,79132.84,79157.12,0
2025-01-02 12:15:00,79159.75,79426.5,79117.0,79415.39,0
2025-01-02 12:30:00,79411.1,79592.5,79404.61,79527.93,0
2025-01-02 12:45:00,79528.16,79584.89,79480.95,79537.93,0
2025-01-02 13:00:00,79535.4,79655.54,79489.38,79623.83,0
2025-01-02 13:15:00,79624.37,79770.61,79618.56,79696.68,0
2025-01-02 13:30:00,79694.15,79826.81,79631.82,79819.3,0
2025-01-02 13:45:00,79821.41,79831.65,79714.53,79722.76,0
2025-01-02 14:00:00,79722.43,79810.05,79698.87,79788.63,0
2025-01-02 14:15:00,79788.23,79906.51,79782.35,79825.72,0
2025-01-02 14:30:00,79824.84,79922.32,79816.75,79887.51,0
2025-01-02 14:45:00,79890.45,80032.66,79885.44,79977.24,0
2025-01-02 15:00:00,79978.06,80001.68,79859.38,79917.0,0
2025-01-02 15:15:00,79915.61,79961.11,79874.54,79905.08,0
2025-01-02 15:30:00,79910.44,79943.71,79910.44,79943.71,0
2025-01-03 09:00:00,80007.92,80259.48,79658.91,80072.99,0
2025-01-03 09:15:00,79903.75,79906.36,79690.29,79706.6,0
2025-01-03 09:30:00,79705.57,79728.8,79506.22,79510.8,0
2025-01-03 09:45:00,79507.44,79571.74,79399.53,79419.43,0
2025-01-03 10:00:00,79419.31,79611.45,79368.23,79401.41,0
2025-01-03 10:15:00,79404.04,79516.04,79382.81,79426.85,0
2025-01-03 10:30:00,79429.94,79430.94,79293.76,79343.96,0
2025-01-03 10:45:00,79346.91,79391.23,79274.77,79307.76,0
2025-01-03 11:00:00,79305.43,79480.73,79302.34,79478.97,0
2025-01-03 11:15:00,79478.16,79757.42,79449.74,79649.8,0
2025-01-03 11:30:00,79650.83,79722.25,79561.65,79700.99,0
2025-01-03 11:45:00,79701.35,79739.33,79647.8,79732.96,0
2025-01-03 12:00:00,79733.51,79747.31,79580.63,79631.58,0
2025-01-03 12:15:00,79629.58,79629.58,79428.06,79428.1,0
2025-01-03 12:30:00,79427.39,79498.02,79404.14,79482.06,0
2025-01-03 12:45:00,79481.35,79514.15,79437.73,79505.39,0
2025-01-03 13:00:00,79501.79,79616.38,79483.3,79562.53,0
2025-01-03 13:15:00,79556.02,79593.94,79506.6,79557.02,0
2025-01-03 13:30:00,79557.81,79563.2,79437.62,79499.52,0
2025-01-03 13:45:00,79498.48,79505.75,79320.52,79328.34,0
2025-01-03 14:00:00,79323.24,79357.99,79280.99,79307.45,0
2025-01-03 14:15:00,79306.97,79363.45,79267.3,79356.91,0
2025-01-03 14:30:00,79355.93,79377.13,79285.28,79331.06,0
2025-01-03 14:45:00,79333.23,79377.54,79276.95,79316.13,0
2025-01-03 15:00:00,79312.53,79320.36,79148.1,79243.79,0
2025-01-03 15:15:00,79236.49,79282.91,79111.62,79167.83,0
2025-01-03 15:30:00,79159.71,79223.11,79159.71,79223.11,0
2025-12-29 09:00:00,85041.45,85175.63,82579.89,85004.75,0
2025-12-29 09:15:00,85127.32,85248.99,85042.44,85060.58,0
2025-12-29 09:30:00,85056.48,85154.77,85056.48,85149.02,0
2025-12-29 09:45:00,85148.52,85171.09,85003.39,85004.35,0
2025-12-29 10:00:00,85001.82,85014.92,84975.04,84994.41,0
2025-12-29 10:15:00,84991.94,85003.76,84946.44,84974.49,0
2025-12-29 10:30:00,84971.91,84972.98,84879.01,84879.01,0
2025-12-29 10:45:00,84879.01,84903.01,84858.29,84879.59,0
2025-12-29 11:00:00,84873.57,84887.94,84802.98,84814.37,0
2025-12-29 11:15:00,84814.4,84814.4,84754.88,84788.0,0
2025-12-29 11:30:00,84788.0,84795.14,84763.46,84786.81,0
2025-12-29 11:45:00,84786.81,84837.95,84785.68,84796.78,0
2025-12-29 12:00:00,84796.7,84821.87,84765.36,84803.49,0
2025-12-29 12:15:00,84803.49,84814.27,84746.8,84770.01,0
2025-12-29 12:30:00,84772.22,84785.13,84733.91,84747.59,0
2025-12-29 12:45:00,84746.94,84762.7,84725.61,84761.07,0
2025-12-29 13:00:00,84759.99,84791.75,84738.69,84738.69,0
2025-12-29 13:15:00,84739.75,84747.28,84685.32,84716.31,0
2025-12-29 13:30:00,84716.7,84724.02,84650.12,84682.37,0
2025-12-29 13:45:00,84682.37,84734.17,84676.43,84718.65,0
2025-12-29 14:00:00,84715.14,84759.45,84710.44,84713.55,0
2025-12-29 14:15:00,84713.26,84800.5,84650.88,84752.16,0
2025-12-29 14:30:00,84754.55,84766.38,84686.51,84693.19,0
2025-12-29 14:45:00,84696.38,84721.31,84662.6,84678.08,0
2025-12-29 15:00:00,84682.4,84718.93,84641.51,84702.36,0
2025-12-29 15:15:00,84695.34,84753.08,84669.47,84707.68,0
2025-12-29 15:30:00,84728.92,84728.92,84695.54,84695.54,0
2025-12-29 15:45:00,84695.54,84695.54,84695.54,84695.54,0
2025-12-30 09:00:00,84695.54,84695.54,82842.53,84600.99,0
2025-12-30 09:15:00,84686.13,84686.13,84471.23,84491.89,0
2025-12-30 09:30:00,84492.39,84684.57,84489.62,84681.41,0
2025-12-30 09:45:00,84681.88,84709.35,84567.39,84658.78,0
2025-12-30 10:00:00,84656.12,84704.15,84614.63,84684.33,0
2025-12-30 10:15:00,84684.78,84788.57,84684.78,84770.43,0
2025-12-30 10:30:00,84773.21,84802.64,84695.09,84703.91,0
2025-12-30 10:45:00,84704.79,84705.13,84632.51,84646.71,0
2025-12-30 11:00:00,84646.95,84662.02,84595.76,84624.25,0
2025-12-30 11:15:00,84624.25,84638.64,84593.05,84594.75,0
2025-12-30 11:30:00,84594.4,84594.86,84536.57,84592.25,0
2025-12-30 11:45:00,84591.26,84609.34,84532.25,84544.22,0
2025-12-30 12:00:00,84542.71,84575.7,84506.86,84518.19,0
2025-12-30 12:15:00,84518.19,84540.1,84501.55,84515.9,0
2025-12-30 12:30:00,84513.8,84593.26,84510.57,84582.56,0
2025-12-30 12:45:00,84582.71,84610.37,84539.8,84542.84,0
2025-12-30 13:00:00,84544.02,84558.03,84514.15,84544.05,0
2025-12-30 13:15:00,84543.71,84578.35,84531.42,84567.13,0
2025-12-30 13:30:00,84567.59,84678.56,84552.57,84673.44,0
2025-12-30 13:45:00,84674.32,84749.56,84656.52,84665.79,0
2025-12-30 14:00:00,84663.17,84709.49,84659.37,84679.48,0
2025-12-30 14:15:00,84679.48,84726.44,84590.25,84601.26,0
2025-12-30 14:30:00,84598.06,84691.19,84593.27,84682.12,0
2025-12-30 14:45:00,84679.28,84715.18,84641.59,84669.51,0
2025-12-30 15:00:00,84664.35,84737.94,84583.83,84665.3,0
2025-12-30 15:15:00,84667.69,84804.82,84646.39,84803.17,0
2025-12-30 15:30:00,84798.7,84798.7,84675.08,84675.08,0
2025-12-30 15:45:00,84675.08,84675.08,84675.08,84675.08,0
2025-12-31 09:00:00,84675.08,84793.58,83540.7,84793.58,0
2025-12-31 09:15:00,84813.96,84922.28,84748.1,84882.55,0
2025-12-31 09:30:00,84872.57,84910.82,84723.02,84725.83,0
2025-12-31 09:45:00,84726.07,84806.54,84709.96,84779.32,0
2025-12-31 10:00:00,84781.54,84811.95,84706.43,84811.95,0
2025-12-31 10:15:00,84811.44,84853.17,84794.34,84823.44,0
2025-12-31 10:30:00,84824.23,84939.43,84819.08,84932.03,0
2025-12-31 10:45:00,84927.2,84953.6,84890.74,84940.96,0
2025-12-31 11:00:00,84943.07,84974.16,84927.2,84965.3,0
2025-12-31 11:15:00,84963.28,85012.14,84914.36,84939.73,0
2025-12-31 11:30:00,84926.86,85028.45,84909.92,85019.85,0
2025-12-31 11:45:00,85013.3,85067.42,84977.25,85037.79,0
2025-12-31 12:00:00,85036.47,85087.67,84987.61,85085.62,0
2025-12-31 12:15:00,85085.44,85122.43,85066.55,85104.66,0
2025-12-31 12:30:00,85104.49,85201.33,85101.31,85200.85,0
2025-12-31 12:45:00,85200.63,85310.65,85200.63,85291.54,0
2025-12-31 13:00:00,85292.06,85320.05,85279.57,85312.23,0
2025-12-31 13:15:00,85312.23,85346.07,85259.33,85304.86,0
2025-12-31 13:30:00,85304.97,85351.76,85255.95,85292.04,0
2025-12-31 13:45:00,85288.47,85400.14,85279.73,85374.36,0
2025-12-31 14:00:00,85374.83,85377.24,85299.87,85348.0,0
2025-12-31 14:15:00,85348.0,85367.73,85285.69,85328.22,0
2025-12-31 14:30:00,85327.66,85432.83,85318.29,85417.3,0
2025-12-31 14:45:00,85417.94,85437.12,85365.55,85385.09,0
2025-12-31 15:00:00,85379.49,85379.95,85154.17,85193.11,0
2025-12-31 15:15:00,85196.86,85256.38,85176.49,85208.64,0
2025-12-31 15:30:00,85219.74,85220.6,85219.74,85220.6,0
2025-12-31 15:45:00,85220.6,85220.6,85220.6,85220.6,0
2026-01-01 09:00:00,85451.52,85451.52,84572.85,85255.55,0
2026-01-01 09:15:00,85293.84,85443.08,85289.27,85422.72,0
2026-01-01 09:30:00,85424.53,85424.53,85332.47,85410.48,0
2026-01-01 09:45:00,85415.11,85448.42,85293.2,85318.04,0
2026-01-01 10:00:00,85317.4,85402.96,85276.76,85301.35,0
2026-01-01 10:15:00,85302.63,85340.33,85172.42,85339.45,0
2026-01-01 10:30:00,85339.65,85380.62,85268.69,85321.82,0
2026-01-01 10:45:00,85320.63,85412.65,85319.84,85360.82,0
2026-01-01 11:00:00,85360.77,85401.34,85301.59,85365.08,0
2026-01-01 11:15:00,85362.98,85364.68,85294.02,85343.2,0
2026-01-01 11:30:00,85340.1,85344.07,85238.37,85255.8,0
2026-01-01 11:45:00,85255.98,85269.0,85186.92,85259.11,0
2026-01-01 12:00:00,85255.1,85276.73,85163.51,85181.88,0
2026-01-01 12:15:00,85183.86,85290.97,85118.82,85247.2,0
2026-01-01 12:30:00,85246.18,85270.14,85167.27,85218.33,0
2026-01-01 12:45:00,85216.29,85291.55,85209.1,85262.25,0
2026-01-01 13:00:00,85262.55,85292.29,85226.69,85269.4,0
2026-01-01 13:15:00,85275.47,85312.11,85177.15,85269.49,0
2026-01-01 13:30:00,85268.56,85293.77,85225.67,85245.87,0
2026-01-01 13:45:00,85244.77,85299.55,85230.49,85291.03,0
2026-01-01 14:00:00,85290.58,85345.39,85254.19,85307.66,0
2026-01-01 14:15:00,85308.05,85340.17,85243.56,85247.25,0
2026-01-01 14:30:00,85256.12,85304.2,85243.83,85269.32,0
2026-01-01 14:45:00,85268.56,85307.26,85224.41,85269.41,0
2026-01-01 15:00:00,85270.39,85285.64,85153.44,85180.66,0
2026-01-01 15:15:00,85170.04,85206.44,85105.78,85172.11,0
2026-01-01 15:30:00,85172.58,85188.6,85172.58,85188.6,0
2026-01-01 15:45:00,85188.6,85188.6,85188.6,85188.6,0
2026-01-02 09:00:00,84779.66,85413.12,84412.81,85259.36,0
2026-01-02 09:15:00,85236.89,85398.05,85106.22,85390.79,0
2026-01-02 09:30:00,85392.05,85533.32,85347.52,85522.69,0
2026-01-02 09:45:00,85525.18,85605.13,85513.65,85553.93,0
2026-01-02 10:00:00,85554.76,85581.09,85495.35,85543.14,0
2026-01-02 10:15:00,85543.91,85582.86,85511.47,85516.42,0
2026-01-02 10:30:00,85517.85,85550.9,85482.94,85521.96,0
2026-01-02 10:45:00,85524.0,85561.38,85515.73,85545.18,0
2026-01-02 11:00:00,85546.52,85550.25,85481.16,85505.15,0
2026-01-02 11:15:00,85504.51,85569.98,85503.98,85569.98,0
2026-01-02 11:30:00,85570.36,85629.48,85557.62,85622.7,0
2026-01-02 11:45:00,85620.33,85658.35,85592.16,85619.36,0
2026-01-02 12:00:00,85612.4,85641.78,85591.91,85631.73,0
2026-01-02 12:15:00,85630.97,85674.71,85596.1,85662.42,0
2026-01-02 12:30:00,85662.02,85705.67,85652.36,85666.49,0
2026-01-02 12:45:00,85671.06,85674.06,85619.88,85645.49,0
2026-01-02 13:00:00,85639.23,85671.31,85633.62,85657.53,0
2026-01-02 13:15:00,85657.35,85692.65,85648.64,85661.86,0
2026-01-02 13:30:00,85663.97,85690.27,85661.47,85673.88,0
2026-01-02 13:45:00,85673.19,85692.72,85646.0,85654.88,0
2026-01-02 14:00:00,85654.88,85677.5,85632.24,85661.31,0
2026-01-02 14:15:00,85661.21,85695.23,85656.49,85661.73,0
2026-01-02 14:30:00,85661.73,85671.3,85558.55,85564.6,0
2026-01-02 14:45:00,85559.51,85639.5,85546.8,85632.92,0
2026-01-02 15:00:00,85637.56,85775.4,85637.56,85748.22,0
2026-01-02 15:15:00,85741.54,85810.29,85731.83,85810.29,0
2026-01-02 15:30:00,85811.88,85811.88,85762.01,85762.01,0
2026-01-02 15:45:00,85762.01,85762.01,85762.01,85762.01,0
2026-01-05 09:00:00,85762.01,85773.8,83210.23,85640.05,0
2026-01-05 09:15:00,85640.43,85796.3,85574.57,85633.85,0
2026-01-05 09:30:00,85631.33,85648.46,85516.95,85577.74,0
2026-01-05 09:45:00,85588.83,85722.27,85565.94,85682.22,0
2026-01-05 10:00:00,85687.19,85782.42,85599.69,85773.44,0
2026-01-05 10:15:00,85771.44,85882.63,85760.47,85816.55,0
2026-01-05 10:30:00,85822.24,85845.97,85752.97,85783.21,0
2026-01-05 10:45:00,85782.03,85835.91,85777.26,85804.76,0
2026-01-05 11:00:00,85802.14,85857.93,85785.88,85816.86,0
2026-01-05 11:15:00,85817.21,85831.84,85680.92,85718.02,0
2026-01-05 11:30:00,85726.6,85762.01,85686.23,85755.64,0
2026-01-05 11:45:00,85755.64,85770.45,85689.18,85731.16,0
2026-01-05 12:00:00,85730.06,85741.8,85652.63,85728.65,0
2026-01-05 12:15:00,85731.13,85758.16,85713.25,85735.96,0
2026-01-05 12:30:00,85735.58,85756.52,85712.31,85727.57,0
2026-01-05 12:45:00,85729.0,85770.31,85703.72,85722.33,0
2026-01-05 13:00:00,85726.51,85734.65,85637.15,85644.22,0
2026-01-05 13:15:00,85638.15,85664.76,85585.39,85596.19,0
2026-01-05 13:30:00,85598.84,85606.92,85544.37,85592.2,0
2026-01-05 13:45:00,85594.03,85594.03,85458.19,85462.55,0
2026-01-05 14:00:00,85461.47,85461.47,85325.78,85371.01,0
2026-01-05 14:15:00,85369.07,85406.68,85315.63,85374.03,0
2026-01-05 14:30:00,85372.04,85490.8,85369.91,85484.45,0
2026-01-05 14:45:00,85484.58,85562.47,85470.33,85543.01,0
2026-01-05 15:00:00,85552.44,85556.78,85430.43,85440.23,0
2026-01-05 15:15:00,85441.02,85445.93,85381.89,85434.63,0
2026-01-05 15:30:00,85440.72,85440.72,85439.62,85439.62,0
2026-01-05 15:45:00,85439.62,85439.62,85439.62,85439.62,0
2026-01-06 09:00:00,85439.62,85908.75,85184.0,85331.14,0
2026-01-06 09:15:00,85331.14,85331.14,85024.83,85078.23,0
2026-01-06 09:30:00,85075.16,85262.83,85069.06,85153.71,0
2026-01-06 09:45:00,85153.87,85356.03,85149.46,85348.14,0
2026-01-06 10:00:00,85347.22,85396.79,85281.57,85301.77,0
2026-01-06 10:15:00,85300.98,85332.98,85225.72,85248.23,0
2026-01-06 10:30:00,85246.25,85286.15,85175.59,85187.07,0
2026-01-06 10:45:00,85186.65,85228.52,85167.03,85175.03,0
2026-01-06 11:00:00,85166.35,85243.07,85119.1,85128.32,0
2026-01-06 11:15:00,85135.49,85135.9,84958.49,85056.28,0
2026-01-06 11:30:00,85058.66,85140.76,85039.52,85133.9,0
2026-01-06 11:45:00,85135.61,85152.42,85059.0,85071.38,0
2026-01-06 12:00:00,85065.57,85084.3,85002.94,85046.72,0
2026-01-06 12:15:00,85047.18,85058.34,84982.86,85027.04,0
2026-01-06 12:30:00,85029.51,85051.15,85006.55,85034.49,0
2026-01-06 12:45:00,85033.58,85083.23,84994.16,85076.08,0
2026-01-06 13:00:00,85078.73,85109.09,85045.35,85050.92,0
2026-01-06 13:15:00,85055.48,85060.47,84967.44,84984.8,0
2026-01-06 13:30:00,84984.8,84998.96,84954.1,84996.11,0
2026-01-06 13:45:00,84992.42,85062.17,84968.86,84976.51,0
2026-01-06 14:00:00,84977.12,85035.51,84900.1,84923.32,0
2026-01-06 14:15:00,84922.04,84981.99,84905.98,84978.94,0
2026-01-06 14:30:00,84975.8,84999.72,84922.06,84983.68,0
2026-01-06 14:45:00,84980.05,85035.72,84979.67,85012.01,0
2026-01-06 15:00:00,85027.35,85093.69,85027.35,85060.05,0
2026-01-06 15:15:00,85055.35,85091.25,85025.57,85027.58,0
2026-01-06 15:30:00,85028.39,85063.34,85028.39,85063.34,0
2026-01-06 15:45:00,85063.34,85063.34,85063.34,85063.34,0
2026-01-07 09:00:00,84068.34,85203.14,83583.26,84620.4,0
2026-01-07 09:15:00,84883.62,85039.19,84847.64,84895.08,0
2026-01-07 09:30:00,84891.97,84988.73,84852.22,84854.71,0
2026-01-07 09:45:00,84858.07,84939.14,84781.34,84938.52,0
2026-01-07 10:00:00,84939.5,85015.83,84912.72,84985.77,0
2026-01-07 10:15:00,84991.82,85074.93,84873.08,84913.77,0
2026-01-07 10:30:00,84912.88,84940.92,84864.98,84920.78,0
2026-01-07 10:45:00,84923.63,85055.45,84902.47,85020.51,0
2026-01-07 11:00:00,85017.36,85066.21,84953.33,84979.88,0
2026-01-07 11:15:00,84979.39,84988.97,84891.71,84944.39,0
2026-01-07 11:30:00,84940.01,85022.94,84940.01,84968.95,0
2026-01-07 11:45:00,84969.62,84970.25,84874.76,84892.92,0
2026-01-07 12:00:00,84893.03,84895.85,84826.79,84840.65,0
2026-01-07 12:15:00,84840.67,84853.22,84799.53,84806.0,0
2026-01-07 12:30:00,84806.48,84850.01,84736.42,84745.45,0
2026-01-07 12:45:00,84751.51,84804.6,84728.6,84800.72,0
2026-01-07 13:00:00,84800.96,84857.55,84791.91,84820.64,0
2026-01-07 13:15:00,84820.99,84824.84,84718.41,84724.82,0
2026-01-07 13:30:00,84725.22,84765.57,84707.99,84740.98,0
2026-01-07 13:45:00,84742.29,84814.8,84720.91,84811.11,0
2026-01-07 14:00:00,84812.43,84844.05,84762.4,84826.79,0
2026-01-07 14:15:00,84825.38,84827.63,84741.53,84797.01,0
2026-01-07 14:30:00,84798.11,84858.32,84761.43,84847.84,0
2026-01-07 14:45:00,84847.75,84881.48,84781.53,84862.26,0
2026-01-07 15:00:00,84880.19,84986.25,84861.38,84973.51,0
2026-01-07 15:15:00,84974.68,84985.11,84931.49,84968.05,0
2026-01-07 15:30:00,84970.9,84970.9,84961.14,84961.14,0
2026-01-07 15:45:00,84961.14,84961.14,84961.14,84961.14,0
2026-01-08 09:00:00,85216.91,85216.91,83987.34,84778.02,0
2026-01-08 09:15:00,84771.24,84963.6,84723.81,84732.94,0
2026-01-08 09:30:00,84730.15,84872.41,84678.85,84848.61,0
2026-01-08 09:45:00,84848.92,84867.02,84757.82,84824.61,0
2026-01-08 10:00:00,84824.96,84844.75,84705.25,84774.62,0
2026-01-08 10:15:00,84774.1,84774.1,84635.96,84685.06,0
2026-01-08 10:30:00,84685.06,84700.46,84631.46,84647.89,0
2026-01-08 10:45:00,84649.66,84698.6,84608.81,84631.92,0
2026-01-08 11:00:00,84634.03,84656.5,84597.46,84597.98,0
2026-01-08 11:15:00,84598.64,84637.39,84500.86,84522.29,0
2026-01-08 11:30:00,84521.7,84558.42,84488.25,84527.13,0
2026-01-08 11:45:00,84522.17,84536.87,84390.06,84390.06,0
2026-01-08 12:00:00,84394.37,84434.49,84232.76,84370.52,0
2026-01-08 12:15:00,84373.21,84417.36,84315.76,84368.66,0
2026-01-08 12:30:00,84367.77,84370.95,84289.34,84336.47,0
2026-01-08 12:45:00,84336.85,84339.6,84250.38,84301.28,0
2026-01-08 13:00:00,84297.37,84342.84,84253.18,84329.09,0
2026-01-08 13:15:00,84329.49,84330.36,84230.53,84253.95,0
2026-01-08 13:30:00,84254.32,84312.88,84207.45,84299.94,0
2026-01-08 13:45:00,84301.04,84389.21,84265.74,84370.83,0
2026-01-08 14:00:00,84370.8,84406.4,84307.44,84369.81,0
2026-01-08 14:15:00,84369.93,84428.73,84296.0,84321.18,0
2026-01-08 14:30:00,84322.62,84412.67,84295.5,84354.76,0
2026-01-08 14:45:00,84359.05,84389.25,84259.4,84276.23,0
2026-01-08 15:00:00,84287.41,84291.18,84111.37,84187.72,0
2026-01-08 15:15:00,84187.29,84210.29,84114.14,84162.02,0
2026-01-08 15:30:00,84163.66,84180.96,84163.66,84180.96,0
2026-01-08 15:45:00,84180.96,84180.96,84180.96,84180.96,0
2026-01-09 09:00:00,82998.78,84052.62,82141.61,84022.09,0
2026-01-09 09:15:00,84107.21,84405.4,84073.76,84081.47,0
2026-01-09 09:30:00,84078.38,84180.34,84029.11,84176.74,0
2026-01-09 09:45:00,84182.87,84248.72,84088.64,84230.1,0
2026-01-09 10:00:00,84230.59,84254.97,84094.86,84121.44,0
2026-01-09 10:15:00,84122.44,84235.16,84094.34,84217.16,0
2026-01-09 10:30:00,84216.51,84218.08,84052.46,84093.11,0
2026-01-09 10:45:00,84096.03,84133.24,83929.39,83978.15,0
2026-01-09 11:00:00,83975.66,83985.09,83916.7,83916.7,0
2026-01-09 11:15:00,83916.7,83946.55,83888.86,83931.01,0
2026-01-09 11:30:00,83934.64,83987.71,83775.86,83785.64,0
2026-01-09 11:45:00,83784.44,83792.66,83707.98,83737.26,0
2026-01-09 12:00:00,83742.27,83797.86,83721.03,83721.24,0
2026-01-09 12:15:00,83720.94,83771.14,83658.21,83658.62,0
2026-01-09 12:30:00,83661.29,83694.86,83518.51,83548.38,0
2026-01-09 12:45:00,83548.78,83596.85,83509.19,83560.49,0
2026-01-09 13:00:00,83560.64,83594.14,83532.81,83575.26,0
2026-01-09 13:15:00,83577.22,83656.88,83556.11,83627.4,0
2026-01-09 13:30:00,83628.64,83703.99,83562.85,83566.94,0
2026-01-09 13:45:00,83567.25,83576.31,83500.79,83571.56,0
2026-01-09 14:00:00,83572.61,83586.83,83502.52,83507.06,0
2026-01-09 14:15:00,83506.38,83541.0,83482.59,83496.55,0
2026-01-09 14:30:00,83499.81,83538.99,83402.69,83501.97,0
2026-01-09 14:45:00,83500.7,83547.84,83492.36,83527.83,0
2026-01-09 15:00:00,83527.98,83638.12,83511.45,83610.94,0
2026-01-09 15:15:00,83608.32,83639.53,83553.81,83638.66,0
2026-01-09 15:30:00,83639.17,83639.17,83576.24,83576.24,0
2026-01-09 15:45:00,83576.24,83576.24,83576.24,83576.24,0
2026-01-12 09:00:00,83235.02,83521.75,80484.14,83435.31,0
2026-01-12 09:15:00,83471.31,83608.31,83050.95,83071.94,0
2026-01-12 09:30:00,83067.07,83262.38,83052.9,83148.74,0
2026-01-12 09:45:00,83155.84,83321.26,83125.08,83129.57,0
2026-01-12 10:00:00,83128.3,83235.88,83118.84,83124.35,0
2026-01-12 10:15:00,83116.03,83236.2,83091.92,83199.91,0
2026-01-12 10:30:00,83200.15,83229.03,83139.58,83156.86,0
2026-01-12 10:45:00,83157.93,83191.75,83072.61,83090.84,0
2026-01-12 11:00:00,83089.96,83104.77,83039.09,83045.17,0
2026-01-12 11:15:00,83047.07,83053.77,82954.67,82963.23,0
2026-01-12 11:30:00,82967.37,82967.37,82861.19,82888.2,0
2026-01-12 11:45:00,82887.94,82944.54,82863.45,82937.48,0
2026-01-12 12:00:00,82938.29,83176.04,82917.84,83176.04,0
2026-01-12 12:15:00,83175.37,83512.85,83156.99,83451.06,0
2026-01-12 12:30:00,83453.59,83711.29,83453.59,83664.28,0
2026-01-12 12:45:00,83668.78,83706.4,83617.21,83623.6,0
2026-01-12 13:00:00,83627.4,83658.6,83508.5,83644.31,0
2026-01-12 13:15:00,83641.86,83674.11,83543.39,83549.73,0
2026-01-12 13:30:00,83547.6,83763.26,83547.6,83695.89,0
2026-01-12 13:45:00,83695.19,83741.75,83678.14,83721.79,0
2026-01-12 14:00:00,83721.79,83723.39,83642.37,83681.71,0
2026-01-12 14:15:00,83680.18,83812.19,83677.99,83771.61,0
2026-01-12 14:30:00,83772.21,83792.73,83610.03,83782.82,0
2026-01-12 14:45:00,83781.7,83945.73,83774.68,83937.39,0
2026-01-12 15:00:00,83923.35,83923.35,83817.85,83836.34,0
2026-01-12 15:15:00,83838.19,83961.3,83838.19,83961.3,0
2026-01-12 15:30:00,83960.72,83960.72,83878.17,83878.17,0
2026-01-12 15:45:00,83878.17,83878.17,83878.17,83878.17,0
2026-01-13 09:00:00,83341.89,84330.83,82908.74,84079.32,0
2026-01-13 09:15:00,84196.61,84243.98,83770.06,83781.25,0
2026-01-13 09:30:00,83783.12,83823.84,83616.45,83679.06,0
2026-01-13 09:45:00,83683.26,83854.13,83578.56,83601.24,0
2026-01-13 10:00:00,83607.44,83816.85,83589.21,83726.66,0
2026-01-13 10:15:00,83725.36,83916.77,83664.92,83907.98,0
2026-01-13 10:30:00,83911.06,83996.99,83758.15,83794.97,0
2026-01-13 10:45:00,83791.65,83911.48,83776.07,83857.12,0
2026-01-13 11:00:00,83856.46,83916.76,83787.11,83865.3,0
2026-01-13 11:15:00,83864.31,83915.12,83838.94,83893.26,0
2026-01-13 11:30:00,83892.81,83980.8,83862.68,83887.64,0
2026-01-13 11:45:00,83886.01,83892.11,83744.58,83765.42,0
2026-01-13 12:00:00,83764.91,83764.91,83613.17,83613.17,0
2026-01-13 12:15:00,83614.04,83659.06,83559.44,83646.57,0
2026-01-13 12:30:00,83645.34,83646.2,83525.45,83587.8,0
2026-01-13 12:45:00,83584.9,83584.9,83388.3,83415.82,0
2026-01-13 13:00:00,83413.65,83437.74,83325.42,83413.51,0
2026-01-13 13:15:00,83411.42,83478.73,83360.74,83413.36,0
2026-01-13 13:30:00,83411.42,83490.63,83372.03,83464.05,0
2026-01-13 13:45:00,83467.32,83487.2,83409.32,83421.48,0
2026-01-13 14:00:00,83422.72,83436.62,83288.99,83346.03,0
2026-01-13 14:15:00,83340.45,83380.01,83271.46,83294.57,0
2026-01-13 14:30:00,83294.31,83561.78,83262.94,83532.11,0
2026-01-13 14:45:00,83529.85,83616.31,83484.98,83548.1,0
2026-01-13 15:00:00,83564.65,83725.77,83535.18,83674.6,0
2026-01-13 15:15:00,83674.42,83710.68,83589.1,83608.88,0
2026-01-13 15:30:00,83609.5,83627.69,83609.5,83627.69,0
2026-01-13 15:45:00,83627.69,83627.69,83627.69,83627.69,0
2026-01-14 09:00:00,83746.75,83885.74,82898.98,83358.54,0
2026-01-14 09:15:00,83352.13,83662.6,83338.35,83648.23,0
2026-01-14 09:30:00,83651.46,83695.62,83536.97,83540.5,0
2026-01-14 09:45:00,83545.53,83714.93,83419.93,83596.26,0
2026-01-14 10:00:00,83599.34,83608.53,83453.64,83473.97,0
2026-01-14 10:15:00,83470.69,83519.19,83375.46,83442.7,0
2026-01-14 10:30:00,83442.89,83541.74,83364.82,83418.59,0
2026-01-14 10:45:00,83418.59,83553.88,83358.45,83553.88,0
2026-01-14 11:00:00,83554.06,83604.19,83501.55,83576.01,0
2026-01-14 11:15:00,83559.47,83726.3,83533.3,83721.63,0
2026-01-14 11:30:00,83721.74,83745.02,83616.57,83713.37,0
2026-01-14 11:45:00,83713.37,83794.83,83700.04,83758.46,0
2026-01-14 12:00:00,83760.89,83809.98,83651.93,83653.9,0
2026-01-14 12:15:00,83657.55,83761.68,83604.6,83690.59,0
2026-01-14 12:30:00,83690.26,83778.65,83675.56,83680.08,0
2026-01-14 12:45:00,83676.04,83745.88,83627.21,83667.44,0
2026-01-14 13:00:00,83667.44,83712.37,83603.01,83640.65,0
2026-01-14 13:15:00,83640.08,83685.6,83523.37,83564.38,0
2026-01-14 13:30:00,83568.26,83571.75,83352.66,83381.01,0
2026-01-14 13:45:00,83377.86,83410.52,83266.74,83272.16,0
2026-01-14 14:00:00,83278.75,83385.95,83255.65,83385.11,0
2026-01-14 14:15:00,83385.11,83408.42,83186.15,83242.65,0
2026-01-14 14:30:00,83243.7,83463.31,83227.36,83446.88,0
2026-01-14 14:45:00,83447.25,83553.24,83420.62,83462.73,0
2026-01-14 15:00:00,83453.68,83490.62,83303.85,83337.99,0
2026-01-14 15:15:00,83338.69,83429.24,83294.76,83366.82,0
2026-01-14 15:30:00,83380.7,83382.71,83380.7,83382.71,0
2026-01-14 15:45:00,83382.71,83382.71,83382.71,83382.71,0
2026-01-16 09:00:00,84513.4,84802.01,83217.51,83670.79,0
2026-01-16 09:15:00,83564.62,83722.48,83515.73,83670.41,0
2026-01-16 09:30:00,83668.99,83684.55,83528.92,83679.55,0
2026-01-16 09:45:00,83677.4,83772.33,83640.3,83708.8,0
2026-01-16 10:00:00,83708.22,83871.36,83702.73,83863.5,0
2026-01-16 10:15:00,83859.81,84098.21,83859.17,84073.37,0
2026-01-16 10:30:00,84071.38,84134.03,84024.61,84039.54,0
2026-01-16 10:45:00,84040.59,84104.58,83977.95,83979.97,0
2026-01-16 11:00:00,83980.32,84027.14,83896.15,83933.57,0
2026-01-16 11:15:00,83932.22,83960.98,83884.8,83925.69,0
2026-01-16 11:30:00,83928.04,83974.96,83877.82,83887.08,0
2026-01-16 11:45:00,83887.08,83890.09,83803.54,83816.86,0
2026-01-16 12:00:00,83817.55,83989.07,83806.15,83986.29,0
2026-01-16 12:15:00,83986.64,83994.09,83731.52,83754.51,0
2026-01-16 12:30:00,83753.8,83810.43,83704.48,83767.3,0
2026-01-16 12:45:00,83766.95,83782.15,83698.99,83713.7,0
2026-01-16 13:00:00,83713.7,83716.73,83590.25,83626.78,0
2026-01-16 13:15:00,83626.81,83636.78,83458.08,83568.28,0
2026-01-16 13:30:00,83577.04,83640.77,83531.39,83561.21,0
2026-01-16 13:45:00,83568.93,83641.12,83533.17,83548.21,0
2026-01-16 14:00:00,83547.43,83583.19,83505.77,83572.79,0
2026-01-16 14:15:00,83572.42,83643.18,83513.55,83595.31,0
2026-01-16 14:30:00,83599.36,83675.72,83556.92,83653.86,0
2026-01-16 14:45:00,83653.96,83659.41,83560.99,83610.92,0
2026-01-16 15:00:00,83603.58,83616.33,83528.98,83531.55,0
2026-01-16 15:15:00,83527.62,83641.02,83526.61,83595.6,0
2026-01-16 15:30:00,83598.91,83598.91,83570.35,83570.35,0
2026-01-16 15:45:00,83570.35,83570.35,83570.35,83570.35,0
2026-01-19 09:00:00,83570.35,83656.86,81982.09,83494.49,0
2026-01-19 09:15:00,83323.79,83323.79,83041.75,83159.41,0
2026-01-19 09:30:00,83162.53,83277.71,83079.44,83153.44,0
2026-01-19 09:45:00,83151.93,83206.05,83057.05,83064.25,0
2026-01-19 10:00:00,83057.18,83065.01,82943.42,83011.8,0
2026-01-19 10:15:00,83013.61,83067.79,82926.36,82949.73,0
2026-01-19 10:30:00,82949.17,83020.39,82899.42,82962.07,0
2026-01-19 10:45:00,82962.74,83070.92,82944.3,83067.71,0
2026-01-19 11:00:00,83068.76,83126.72,83014.67,83049.63,0
2026-01-19 11:15:00,83050.07,83053.78,82966.35,83012.4,0
2026-01-19 11:30:00,83011.13,83080.69,82973.67,83071.15,0
2026-01-19 11:45:00,83071.87,83105.64,83036.19,83067.71,0
2026-01-19 12:00:00,83066.09,83069.01,82976.29,83034.0,0
2026-01-19 12:15:00,83031.62,83126.21,83006.41,83033.12,0
2026-01-19 12:30:00,83031.49,83046.19,82990.97,83031.58,0
2026-01-19 12:45:00,83031.15,83133.0,82993.24,83121.34,0
2026-01-19 13:00:00,83124.25,83170.65,83034.79,83066.26,0
2026-01-19 13:15:00,83066.77,83108.82,83035.1,83055.19,0
2026-01-19 13:30:00,83052.33,83170.74,83052.33,83130.13,0
2026-01-19 13:45:00,83128.94,83330.79,83098.32,83283.99,0
2026-01-19 14:00:00,83283.94,83396.7,83259.64,83274.11,0
2026-01-19 14:15:00,83274.2,83354.95,83264.28,83294.43,0
2026-01-19 14:30:00,83296.9,83372.21,83294.61,83345.95,0
2026-01-19 14:45:00,83348.43,83408.4,83339.05,83393.53,0
2026-01-19 15:00:00,83392.05,83402.67,83257.65,83288.82,0
2026-01-19 15:15:00,83295.09,83306.97,83132.17,83140.15,0
2026-01-19 15:30:00,83141.25,83246.18,83141.25,83246.18,0
2026-01-19 15:45:00,83246.18,83246.18,83246.18,83246.18,0
2026-01-20 09:00:00,83346.44,83381.35,82158.33,83207.38,0
2026-01-20 09:15:00,83190.6,83249.49,82934.77,82949.11,0
2026-01-20 09:30:00,82945.56,83043.55,82867.71,82925.53,0
2026-01-20 09:45:00,82928.21,82952.65,82813.13,82877.09,0
2026-01-20 10:00:00,82875.33,82987.57,82872.31,82929.68,0
2026-01-20 10:15:00,82925.58,83035.91,82885.63,82981.29,0
2026-01-20 10:30:00,82984.64,83031.42,82945.2,82968.57,0
2026-01-20 10:45:00,82967.98,82979.35,82876.51,82894.44,0
2026-01-20 11:00:00,82893.02,82901.72,82851.59,82864.13,0
2026-01-20 11:15:00,82859.82,82924.49,82844.25,82906.5,0
2026-01-20 11:30:00,82905.9,82943.98,82882.7,82937.42,0
2026-01-20 11:45:00,82938.22,83021.6,82914.44,82977.44,0
2026-01-20 12:00:00,82977.73,82983.35,82817.61,82849.51,0
2026-01-20 12:15:00,82848.13,82870.43,82794.0,82837.54,0
2026-01-20 12:30:00,82836.21,82850.55,82761.05,82761.05,0
2026-01-20 12:45:00,82761.16,82820.19,82745.58,82805.89,0
2026-01-20 13:00:00,82805.64,82813.5,82757.2,82765.37,0
2026-01-20 13:15:00,82765.96,82822.0,82751.45,82773.04,0
2026-01-20 13:30:00,82772.34,82788.34,82614.09,82641.8,0
2026-01-20 13:45:00,82640.84,82662.4,82610.45,82633.0,0
2026-01-20 14:00:00,82632.8,82670.74,82564.56,82599.47,0
2026-01-20 14:15:00,82596.89,82672.1,82588.43,82670.15,0
2026-01-20 14:30:00,82669.57,82693.72,82484.93,82520.75,0
2026-01-20 14:45:00,82522.28,82542.17,82460.44,82460.44,0
2026-01-20 15:00:00,82450.97,82450.97,82160.99,82160.99,0
2026-01-20 15:15:00,82156.75,82232.82,82011.17,82153.74,0
2026-01-20 15:30:00,82153.74,82180.47,82153.74,82180.47,0
2026-01-20 15:45:00,82180.47,82180.47,82180.47,82180.47,0
2026-01-21 09:00:00,82192.38,84258.36,81180.22,81794.65,0
2026-01-21 09:15:00,81833.67,82279.85,81833.67,82006.86,0
2026-01-21 09:30:00,82010.71,82173.04,81985.04,82040.94,0
2026-01-21 09:45:00,82042.01,82086.98,81912.62,81915.8,0
2026-01-21 10:00:00,81912.07,81957.07,81831.72,81889.31,0
2026-01-21 10:15:00,81891.11,81891.11,81672.45,81712.84,0
2026-01-21 10:30:00,81716.23,81727.4,81502.29,81505.77,0
2026-01-21 10:45:00,81496.62,81499.85,81127.04,81335.09,0
2026-01-21 11:00:00,81334.17,81587.05,81280.98,81559.01,0
2026-01-21 11:15:00,81557.03,81623.93,81479.7,81479.71,0
2026-01-21 11:30:00,81480.55,81599.31,81469.31,81535.34,0
2026-01-21 11:45:00,81534.27,81655.23,81530.0,81623.51,0
2026-01-21 12:00:00,81623.93,81810.22,81609.3,81807.36,0
2026-01-21 12:15:00,81811.0,82018.59,81772.7,81844.76,0
2026-01-21 12:30:00,81845.82,82221.45,81823.99,82153.47,0
2026-01-21 12:45:00,82151.8,82350.14,82150.8,82313.47,0
2026-01-21 13:00:00,82313.51,82406.51,82132.89,82176.09,0
2026-01-21 13:15:00,82181.22,82212.53,82054.87,82123.48,0
2026-01-21 13:30:00,82123.91,82185.5,81995.9,82057.41,0
2026-01-21 13:45:00,82057.18,82111.5,81925.62,81936.12,0
2026-01-21 14:00:00,81938.56,81968.07,81880.54,81894.92,0
2026-01-21 14:15:00,81894.32,82067.4,81827.58,81830.56,0
2026-01-21 14:30:00,81830.6,81962.01,81830.6,81904.4,0
2026-01-21 14:45:00,81901.86,81918.12,81828.17,81869.12,0
2026-01-21 15:00:00,81869.22,82015.75,81835.85,81909.46,0
2026-01-21 15:15:00,81909.75,81978.49,81863.18,81919.06,0
2026-01-21 15:30:00,81919.06,81919.06,81909.63,81909.63,0
2026-01-21 15:45:00,81909.63,81909.63,81909.63,81909.63,0
2026-01-22 09:00:00,81591.14,82951.94,81591.14,82459.66,0
2026-01-22 09:15:00,82493.42,82654.84,82386.23,82615.23,0
2026-01-22 09:30:00,82615.14,82758.52,82613.38,82657.87,0
2026-01-22 09:45:00,82642.6,82782.51,82593.91,82671.95,0
2026-01-22 10:00:00,82667.71,82716.72,82542.5,82574.07,0
2026-01-22 10:15:00,82572.08,82614.64,82270.08,82270.08,0
2026-01-22 10:30:00,82272.33,82411.09,82120.04,82302.74,0
2026-01-22 10:45:00,82302.32,82310.67,82056.83,82056.83,0
2026-01-22 11:00:00,82059.59,82143.53,81981.92,82025.1,0
2026-01-22 11:15:00,82024.15,82257.25,82003.37,82168.01,0
2026-01-22 11:30:00,82169.35,82200.79,81974.23,82017.19,0
2026-01-22 11:45:00,82010.25,82068.18,81915.85,81953.55,0
2026-01-22 12:00:00,81953.28,82143.95,81950.43,82123.28,0
2026-01-22 12:15:00,82130.45,82260.12,82040.46,82177.17,0
2026-01-22 12:30:00,82176.11,82225.27,82018.05,82139.21,0
2026-01-22 12:45:00,82140.0,82201.97,82006.56,82015.34,0
2026-01-22 13:00:00,82015.19,82060.47,81958.11,81958.11,0
2026-01-22 13:15:00,81957.41,81999.47,81878.87,81921.85,0
2026-01-22 13:30:00,81919.98,82082.03,81876.87,82024.71,0
2026-01-22 13:45:00,82028.38,82143.68,81958.41,82097.88,0
2026-01-22 14:00:00,82097.03,82138.61,81905.2,81941.9,0
2026-01-22 14:15:00,81940.88,82128.14,81875.83,82117.17,0
2026-01-22 14:30:00,82126.6,82341.95,82105.03,82270.54,0
2026-01-22 14:45:00,82269.46,82397.06,82262.96,82322.83,0
2026-01-22 15:00:00,82324.23,82332.41,82124.56,82280.44,0
2026-01-22 15:15:00,82281.1,82438.22,82278.16,82369.5,0
2026-01-22 15:30:00,82389.08,82389.08,82307.37,82307.37,0
2026-01-22 15:45:00,82307.37,82307.37,82307.37,82307.37,0
2026-01-23 09:00:00,82117.98,82516.06,81154.41,82335.94,0
2026-01-23 09:15:00,82392.62,82513.65,82191.83,82449.55,0
2026-01-23 09:30:00,82452.12,82452.12,82259.78,82262.98,0
2026-01-23 09:45:00,82262.97,82332.02,82207.1,82269.09,0
2026-01-23 10:00:00,82268.75,82314.06,82176.9,82246.11,0
2026-01-23 10:15:00,82244.8,82256.39,82131.49,82249.12,0
2026-01-23 10:30:00,82253.06,82343.82,82247.46,82261.69,0
2026-01-23 10:45:00,82261.81,82273.7,82198.35,82241.76,0
2026-01-23 11:00:00,82239.15,82302.99,82193.08,82274.98,0
2026-01-23 11:15:00,82275.46,82281.97,82165.62,82239.38,0
2026-01-23 11:30:00,82240.39,82251.31,82031.15,82034.03,0
2026-01-23 11:45:00,82033.84,82063.92,81963.17,82052.46,0
2026-01-23 12:00:00,82045.76,82054.74,81947.85,81947.85,0
2026-01-23 12:15:00,81950.55,82069.18,81950.41,82021.42,0
2026-01-23 12:30:00,82021.42,82104.52,82007.22,82074.79,0
2026-01-23 12:45:00,82074.74,82128.17,82005.77,82012.81,0
2026-01-23 13:00:00,82008.93,82023.25,81921.06,81987.33,0
2026-01-23 13:15:00,81986.64,81986.64,81768.82,81770.36,0
2026-01-23 13:30:00,81771.66,81776.03,81526.7,81530.62,0
2026-01-23 13:45:00,81532.96,81601.37,81510.58,81556.46,0
2026-01-23 14:00:00,81556.46,81601.58,81518.85,81563.49,0
2026-01-23 14:15:00,81563.49,81638.18,81490.57,81588.22,0
2026-01-23 14:30:00,81589.05,81704.61,81568.59,81658.07,0
2026-01-23 14:45:00,81667.2,81710.87,81570.32,81681.38,0
2026-01-23 15:00:00,81679.82,81687.18,81475.73,81539.07,0
2026-01-23 15:15:00,81539.8,81592.16,81471.83,81575.99,0
2026-01-23 15:30:00,81578.57,81578.57,81537.7,81537.7,0
2026-01-23 15:45:00,81537.7,81537.7,81537.7,81537.7,0
2026-01-27 09:00:00,81204.92,82053.06,80272.9,81436.79,0
2026-01-27 09:15:00,81455.97,81708.19,81089.78,81148.59,0
2026-01-27 09:30:00,81150.3,81812.72,81103.67,81812.72,0
2026-01-27 09:45:00,81815.33,81841.32,81627.77,81637.4,0
2026-01-27 10:00:00,81639.89,81786.48,81576.73,81719.04,0
2026-01-27 10:15:00,81720.28,81899.7,81698.41,81703.88,0
2026-01-27 10:30:00,81699.66,81751.5,81381.42,81409.61,0
2026-01-27 10:45:00,81405.83,81443.34,81248.42,81250.25,0
2026-01-27 11:00:00,81249.8,81419.61,81236.65,81385.69,0
2026-01-27 11:15:00,81385.71,81498.81,81369.21,81478.11,0
2026-01-27 11:30:00,81476.07,81801.43,81467.62,81796.63,0
2026-01-27 11:45:00,81789.2,81812.67,81571.21,81624.27,0
2026-01-27 12:00:00,81625.27,81731.53,81592.68,81683.66,0
2026-01-27 12:15:00,81683.62,81733.99,81596.45,81625.94,0
2026-01-27 12:30:00,81626.13,81639.8,81523.51,81542.16,0
2026-01-27 12:45:00,81540.41,81604.39,81465.72,81573.78,0
2026-01-27 13:00:00,81573.78,81594.08,81506.09,81580.37,0
2026-01-27 13:15:00,81580.13,81673.84,81558.36,81660.83,0
2026-01-27 13:30:00,81660.83,81704.61,81359.69,81453.53,0
2026-01-27 13:45:00,81455.76,81515.79,81429.13,81470.84,0
2026-01-27 14:00:00,81468.03,81489.34,81310.85,81429.7,0
2026-01-27 14:15:00,81433.46,81437.02,81355.48,81405.63,0
2026-01-27 14:30:00,81405.39,81628.6,81386.78,81579.11,0
2026-01-27 14:45:00,81579.7,81774.0,81578.66,81734.06,0
2026-01-27 15:00:00,81734.28,81842.37,81599.06,81815.59,0
2026-01-27 15:15:00,81816.36,82084.62,81809.36,82052.32,0
2026-01-27 15:30:00,82044.04,82044.04,81857.48,81857.48,0
2026-01-27 15:45:00,81857.48,81857.48,81857.48,81857.48,0
2026-01-28 09:00:00,81440.92,81969.98,80240.26,81892.36,0
2026-01-28 09:15:00,82054.36,82496.01,82054.36,82428.72,0
2026-01-28 09:30:00,82419.4,82471.23,82224.95,82263.25,0
2026-01-28 09:45:00,82264.86,82282.91,82168.4,82275.8,0
2026-01-28 10:00:00,82277.88,82320.52,82063.95,82130.43,0
2026-01-28 10:15:00,82131.44,82242.86,82082.02,82130.38,0
2026-01-28 10:30:00,82121.64,82276.28,82070.04,82223.86,0
2026-01-28 10:45:00,82223.26,82300.37,82165.64,82261.42,0
2026-01-28 11:00:00,82263.36,82370.07,82230.55,82341.5,0
2026-01-28 11:15:00,82339.6,82422.8,82300.24,82385.18,0
2026-01-28 11:30:00,82385.48,82399.86,82218.62,82237.93,0
2026-01-28 11:45:00,82240.65,82346.68,82220.32,82314.46,0
2026-01-28 12:00:00,82316.19,82360.34,82241.41,82291.76,0
2026-01-28 12:15:00,82293.05,82299.96,82117.48,82132.16,0
2026-01-28 12:30:00,82138.18,82179.81,82064.46,82111.17,0
2026-01-28 12:45:00,82115.3,82163.71,82079.07,82087.82,0
2026-01-28 13:00:00,82087.44,82138.48,82054.57,82137.34,0
2026-01-28 13:15:00,82138.29,82175.38,81934.62,82009.01,0
2026-01-28 13:30:00,82008.65,82037.67,81900.83,81900.83,0
2026-01-28 13:45:00,81897.47,81984.52,81814.94,81955.89,0
2026-01-28 14:00:00,81955.59,82022.22,81880.36,81898.33,0
2026-01-28 14:15:00,81895.1,82001.29,81859.14,81986.14,0
2026-01-28 14:30:00,81988.83,82075.94,81949.01,82048.48,0
2026-01-28 14:45:00,82056.2,82315.03,82056.2,82274.2,0
2026-01-28 15:00:00,82295.31,82361.14,82261.92,82286.48,0
2026-01-28 15:15:00,82291.74,82395.76,82291.74,82339.07,0
2026-01-28 15:30:00,82340.74,82344.68,82340.74,82344.68,0
2026-01-28 15:45:00,82344.68,82344.68,82344.68,82344.68,0
2026-01-29 09:00:00,82273.84,82568.04,80864.86,82368.96,0
2026-01-29 09:15:00,82378.46,82378.46,82001.99,82045.06,0
2026-01-29 09:30:00,82048.47,82093.09,81854.09,81862.24,0
2026-01-29 09:45:00,81855.34,81951.23,81710.4,81775.08,0
2026-01-29 10:00:00,81775.12,81890.88,81728.22,81890.74,0
2026-01-29 10:15:00,81891.0,81956.08,81751.42,81846.33,0
2026-01-29 10:30:00,81847.28,81925.61,81758.77,81795.64,0
2026-01-29 10:45:00,81794.8,81989.05,81781.06,81966.54,0
2026-01-29 11:00:00,81966.64,82067.04,81944.03,82031.98,0
2026-01-29 11:15:00,82030.54,82180.27,82030.54,82100.5,0
2026-01-29 11:30:00,82093.8,82153.66,81998.5,82069.44,0
2026-01-29 11:45:00,82069.23,82104.13,81978.45,82058.27,0
2026-01-29 12:00:00,82059.42,82161.26,82021.74,82141.85,0
2026-01-29 12:15:00,82142.58,82181.79,82079.74,82148.57,0
2026-01-29 12:30:00,82148.4,82237.02,82148.4,82181.08,0
2026-01-29 12:45:00,82177.71,82366.32,82146.99,82301.26,0
2026-01-29 13:00:00,82300.21,82444.23,82300.21,82391.48,0
2026-01-29 13:15:00,82391.21,82408.9,82282.4,82324.96,0
2026-01-29 13:30:00,82322.07,82543.68,82307.86,82543.35,0
2026-01-29 13:45:00,82543.47,82613.53,82514.23,82596.69,0
2026-01-29 14:00:00,82599.89,82627.57,82449.07,82557.43,0
2026-01-29 14:15:00,82555.51,82605.67,82487.48,82602.59,0
2026-01-29 14:30:00,82602.02,82675.26,82582.8,82632.62,0
2026-01-29 14:45:00,82632.41,82688.79,82595.48,82620.18,0
2026-01-29 15:00:00,82626.95,82643.04,82524.45,82525.36,0
2026-01-29 15:15:00,82533.69,82631.54,82480.63,82532.41,0
2026-01-29 15:30:00,82543.42,82566.37,82543.42,82566.37,0
2026-01-29 15:45:00,82566.37,82566.37,82566.37,82566.37,0
2026-01-30 09:00:00,82363.13,82924.09,81624.18,81947.31,0
2026-01-30 09:15:00,82038.02,82187.1,82017.87,82059.14,0
2026-01-30 09:30:00,82061.43,82244.93,81983.66,82173.59,0
2026-01-30 09:45:00,82175.29,82269.16,82144.96,82175.3,0
2026-01-30 10:00:00,82172.74,82272.11,82119.25,82267.52,0
2026-01-30 10:15:00,82266.73,82282.39,82132.36,82160.02,0
2026-01-30 10:30:00,82163.03,82257.93,82149.02,82220.61,0
2026-01-30 10:45:00,82219.8,82246.85,82165.39,82208.41,0
2026-01-30 11:00:00,82208.28,82235.32,82038.47,82057.75,0
2026-01-30 11:15:00,82057.44,82142.61,82022.21,82073.9,0
2026-01-30 11:30:00,82074.25,82132.81,81997.99,82115.28,0
2026-01-30 11:45:00,82108.39,82182.14,82060.96,82081.57,0
2026-01-30 12:00:00,82082.62,82180.14,82031.23,82173.27,0
2026-01-30 12:15:00,82176.89,82241.78,82115.54,82175.1,0
2026-01-30 12:30:00,82178.15,82228.95,82137.3,82184.63,0
2026-01-30 12:45:00,82185.82,82205.13,82152.46,82202.92,0
2026-01-30 13:00:00,82203.57,82213.44,82017.9,82059.91,0
2026-01-30 13:15:00,82060.12,82066.44,81969.29,81991.24,0
2026-01-30 13:30:00,81993.17,82225.83,81988.29,82215.56,0
2026-01-30 13:45:00,82217.36,82339.54,82170.64,82339.54,0
2026-01-30 14:00:00,82341.0,82430.47,82305.26,82373.06,0
2026-01-30 14:15:00,82371.85,82386.22,82302.35,82323.06,0
2026-01-30 14:30:00,82325.08,82368.14,82219.1,82231.95,0
2026-01-30 14:45:00,82230.72,82402.74,82210.14,82363.57,0
2026-01-30 15:00:00,82372.27,82374.62,82167.73,82267.5,0
2026-01-30 15:15:00,82265.25,82352.31,82241.47,82261.15,0
2026-01-30 15:30:00,82257.08,82269.78,82257.08,82269.78,0
2026-01-30 15:45:00,82269.78,82269.78,82269.78,82269.78,0
2026-02-01 09:00:00,83005.13,83058.81,81330.31,82388.97,0
2026-02-01 09:15:00,82388.97,82454.25,82141.97,82346.56,0
2026-02-01 09:30:00,82345.51,82386.01,82247.09,82375.43,0
2026-02-01 09:45:00,82378.5,82426.43,82129.68,82323.82,0
2026-02-01 10:00:00,82324.4,82414.9,82309.96,82410.22,0
2026-02-01 10:15:00,82411.34,82510.85,82384.06,82487.48,0
2026-02-01 10:30:00,82481.84,82540.36,82439.5,82504.72,0
2026-02-01 10:45:00,82512.77,82550.03,82468.63,82547.84,0
2026-02-01 11:00:00,82547.84,82725.71,82436.08,82629.89,0
2026-02-01 11:15:00,82634.38,82634.38,82454.76,82537.92,0
2026-02-01 11:30:00,82537.93,82603.87,82289.34,82331.82,0
2026-02-01 11:45:00,82326.37,82386.33,82178.33,82230.9,0
2026-02-01 12:00:00,82229.65,82600.18,82011.35,82084.91,0
2026-02-01 12:15:00,82087.53,82132.62,81003.38,81006.16,0
2026-02-01 12:30:00,81007.54,81549.85,79899.42,81417.51,0
2026-02-01 12:45:00,81367.93,81637.98,81159.77,81549.05,0
2026-02-01 13:00:00,81547.34,81759.99,81516.11,81724.97,0
2026-02-01 13:15:00,81724.46,81844.35,81582.59,81584.45,0
2026-02-01 13:30:00,81567.16,81673.49,81440.1,81609.64,0
2026-02-01 13:45:00,81607.7,81662.62,81306.64,81486.71,0
2026-02-01 14:00:00,81487.85,81527.52,81269.43,81363.4,0
2026-02-01 14:15:00,81373.12,81505.18,81304.07,81454.42,0
2026-02-01 14:30:00,81450.03,81620.12,81418.12,81450.25,0
2026-02-01 14:45:00,81444.76,81494.84,81061.64,81090.07,0
2026-02-01 15:00:00,81091.7,81184.91,80845.64,80856.98,0
2026-02-01 15:15:00,80854.19,80854.19,80416.08,80484.41,0
2026-02-01 15:30:00,80479.73,80722.94,80479.73,80722.94,0
2026-02-01 15:45:00,80722.94,80722.94,80722.94,80722.94,0
2026-02-02 09:00:00,80522.61,81790.33,80063.78,80555.68,0
2026-02-02 09:15:00,80717.0,81023.25,80497.45,80895.19,0
2026-02-02 09:30:00,80902.64,81137.83,80887.12,80988.97,0
2026-02-02 09:45:00,80984.42,81210.19,80949.63,80962.24,0
2026-02-02 10:00:00,80958.35,80958.35,80735.34,80854.09,0
2026-02-02 10:15:00,80847.5,80920.17,80750.36,80847.9,0
2026-02-02 10:30:00,80847.12,80987.45,80846.75,80900.54,0
2026-02-02 10:45:00,80899.3,80972.64,80661.22,80682.36,0
2026-02-02 11:00:00,80682.04,80682.04,80476.1,80551.29,0
2026-02-02 11:15:00,80551.15,80568.21,80387.77,80523.66,0
2026-02-02 11:30:00,80519.47,80990.03,80517.43,80974.39,0
2026-02-02 11:45:00,80974.28,81018.47,80932.95,80993.87,0
2026-02-02 12:00:00,80993.87,81133.65,80954.66,81133.65,0
2026-02-02 12:15:00,81128.87,81200.65,81055.91,81099.69,0
2026-02-02 12:30:00,81098.78,81104.53,81001.17,81019.52,0
2026-02-02 12:45:00,81019.89,81235.39,80990.28,81227.42,0
2026-02-02 13:00:00,81229.3,81315.23,81211.48,81228.37,0
2026-02-02 13:15:00,81227.84,81232.22,80954.71,81097.14,0
2026-02-02 13:30:00,81097.49,81298.98,80991.5,81294.04,0
2026-02-02 13:45:00,81293.57,81347.59,81237.4,81243.06,0
2026-02-02 14:00:00,81243.61,81266.07,81121.36,81207.45,0
2026-02-02 14:15:00,81207.25,81304.96,81144.34,81304.96,0
2026-02-02 14:30:00,81307.2,81337.96,81179.78,81241.92,0
2026-02-02 14:45:00,81239.97,81498.33,81236.21,81490.01,0
2026-02-02 15:00:00,81495.6,81694.9,81495.6,81664.74,0
2026-02-02 15:15:00,81660.06,81731.22,81552.02,81631.02,0
2026-02-02 15:30:00,81632.05,81666.46,81632.05,81666.46,0
2026-02-02 15:45:00,81666.46,81666.46,81666.46,81666.46,0
2026-02-03 09:00:00,83115.8,85851.31,82272.43,85323.2,0
2026-02-03 09:15:00,85575.45,85709.76,83887.27,83977.84,0
2026-02-03 09:30:00,83972.08,83972.59,83748.25,83772.61,0
2026-02-03 09:45:00,83769.53,83966.12,83597.39,83676.39,0
2026-02-03 10:00:00,83678.83,83752.84,83502.18,83575.78,0
2026-02-03 10:15:00,83577.65,83989.22,83577.65,83929.38,0
2026-02-03 10:30:00,83930.64,84085.83,83897.52,84028.56,0
2026-02-03 10:45:00,84029.39,84045.31,83846.65,83962.73,0
2026-02-03 11:00:00,83967.53,84062.67,83908.78,83980.37,0
2026-02-03 11:15:00,83981.59,84076.66,83930.78,84052.61,0
2026-02-03 11:30:00,84047.34,84199.46,84010.79,84149.26,0
2026-02-03 11:45:00,84148.81,84162.61,84063.43,84133.51,0
2026-02-03 12:00:00,84133.76,84140.08,84030.48,84117.84,0
2026-02-03 12:15:00,84121.25,84121.25,83917.52,83933.05,0
2026-02-03 12:30:00,83929.31,84013.37,83893.8,83978.8,0
2026-02-03 12:45:00,83975.56,84000.04,83925.41,83971.12,0
2026-02-03 13:00:00,83972.0,84022.55,83925.34,83930.93,0
2026-02-03 13:15:00,83930.93,83976.98,83806.01,83878.19,0
2026-02-03 13:30:00,83880.36,83992.39,83766.01,83976.04,0
2026-02-03 13:45:00,83977.39,84008.49,83886.11,83888.55,0
2026-02-03 14:00:00,83889.19,83940.08,83835.58,83878.92,0
2026-02-03 14:15:00,83882.0,83919.9,83840.31,83878.23,0
2026-02-03 14:30:00,83877.78,83923.42,83801.02,83815.0,0
2026-02-03 14:45:00,83817.09,83950.25,83805.6,83911.11,0
2026-02-03 15:00:00,83914.43,83931.31,83645.97,83731.58,0
2026-02-03 15:15:00,83733.78,83824.84,83663.56,83703.39,0
2026-02-03 15:30:00,83700.75,83739.13,83700.75,83739.13,0
2026-02-03 15:45:00,83739.13,83739.13,83739.13,83739.13,0
2026-02-04 09:00:00,79804.43,84235.66,78511.27,83252.06,0
2026-02-04 09:15:00,83483.95,83846.93,83149.24,83728.58,0
2026-02-04 09:30:00,83737.69,83868.3,83667.17,83845.63,0
2026-02-04 09:45:00,83846.7,83884.53,83713.24,83793.9,0
2026-02-04 10:00:00,83792.11,83867.32,83762.26,83817.64,0
2026-02-04 10:15:00,83818.67,83828.94,83631.21,83671.42,0
2026-02-04 10:30:00,83673.91,83693.84,83555.81,83659.1,0
2026-02-04 10:45:00,83661.04,83745.19,83648.98,83704.61,0
2026-02-04 11:00:00,83704.46,83763.63,83619.86,83661.98,0
2026-02-04 11:15:00,83660.3,83662.12,83509.07,83544.36,0
2026-02-04 11:30:00,83542.92,83628.35,83510.56,83604.65,0
2026-02-04 11:45:00,83604.33,83655.45,83544.01,83637.77,0
2026-02-04 12:00:00,83639.0,83690.87,83578.3,83688.08,0
2026-02-04 12:15:00,83687.24,83720.39,83623.16,83706.97,0
2026-02-04 12:30:00,83700.15,83763.03,83640.82,83657.04,0
2026-02-04 12:45:00,83654.22,83689.21,83558.89,83560.89,0
2026-02-04 13:00:00,83563.54,83691.85,83552.18,83673.2,0
2026-02-04 13:15:00,83671.16,83755.09,83650.89,83742.49,0
2026-02-04 13:30:00,83748.87,83812.52,83744.73,83774.71,0
2026-02-04 13:45:00,83775.82,83864.01,83755.21,83805.39,0
2026-02-04 14:00:00,83806.64,83856.33,83739.37,83853.42,0
2026-02-04 14:15:00,83853.22,83947.53,83816.33,83872.3,0
2026-02-04 14:30:00,83876.2,83942.29,83858.4,83938.69,0
2026-02-04 14:45:00,83936.97,83943.25,83808.02,83818.61,0
2026-02-04 15:00:00,83822.47,83938.45,83808.2,83834.71,0
2026-02-04 15:15:00,83833.7,83882.29,83692.9,83713.53,0
2026-02-04 15:30:00,83713.53,83817.69,83713.53,83817.69,0
2026-02-04 15:45:00,83817.69,83817.69,83817.69,83817.69,0
2026-02-05 09:00:00,83716.67,84073.4,82563.06,83757.54,0
2026-02-05 09:15:00,83666.87,83762.73,83504.75,83561.69,0
2026-02-05 09:30:00,83560.39,83674.01,83384.29,83389.74,0
2026-02-05 09:45:00,83389.5,83440.81,83313.46,83412.63,0
2026-02-05 10:00:00,83412.3,83529.3,83352.57,83522.06,0
2026-02-05 10:15:00,83514.55,83601.78,83441.45,83487.78,0
2026-02-05 10:30:00,83484.75,83492.18,83320.6,83404.91,0
2026-02-05 10:45:00,83402.46,83433.5,83312.42,83375.69,0
2026-02-05 11:00:00,83373.71,83530.0,83324.16,83499.01,0
2026-02-05 11:15:00,83498.64,83538.44,83379.98,83455.2,0
2026-02-05 11:30:00,83456.98,83507.01,83409.58,83472.83,0
2026-02-05 11:45:00,83474.67,83479.32,83320.85,83410.57,0
2026-02-05 12:00:00,83411.16,83434.98,83335.53,83348.62,0
2026-02-05 12:15:00,83352.0,83352.0,83288.14,83333.36,0
2026-02-05 12:30:00,83327.76,83393.59,83275.77,83319.3,0
2026-02-05 12:45:00,83317.77,83403.41,83271.39,83380.12,0
2026-02-05 13:00:00,83375.92,83394.91,83315.04,83342.64,0
2026-02-05 13:15:00,83365.46,83418.56,83250.27,83258.04,0
2026-02-05 13:30:00,83269.87,83385.48,83259.67,83339.43,0
2026-02-05 13:45:00,83340.84,83388.44,83271.6,83333.41,0
2026-02-05 14:00:00,83333.46,83359.89,83152.83,83219.72,0
2026-02-05 14:15:00,83218.85,83280.4,83196.32,83232.0,0
2026-02-05 14:30:00,83232.99,83336.0,83224.68,83294.02,0
2026-02-05 14:45:00,83293.7,83363.27,83235.39,83345.61,0
2026-02-05 15:00:00,83354.61,83428.23,83271.94,83340.22,0
2026-02-05 15:15:00,83343.74,83346.99,83225.28,83311.38,0
2026-02-05 15:30:00,83311.38,83313.93,83311.38,83313.93,0
2026-02-05 15:45:00,83313.93,83313.93,83313.93,83313.93,0
2026-02-06 09:00:00,83358.79,83399.46,82771.21,83249.32,0
2026-02-06 09:15:00,83275.89,83330.76,83096.12,83142.9,0
2026-02-06 09:30:00,83140.84,83141.11,82988.89,82993.23,0
2026-02-06 09:45:00,83000.91,83133.8,82996.97,83075.82,0
2026-02-06 10:00:00,83072.11,83107.94,82945.56,82987.28,0
2026-02-06 10:15:00,82986.58,83114.94,82973.01,82975.55,0
2026-02-06 10:30:00,82976.31,83032.23,82941.6,82960.13,0
2026-02-06 10:45:00,82960.98,83022.43,82926.34,83020.47,0
2026-02-06 11:00:00,83020.66,83185.43,83020.66,83185.43,0
2026-02-06 11:15:00,83189.33,83257.61,83160.13,83228.01,0
2026-02-06 11:30:00,83227.47,83398.05,83211.73,83343.38,0
2026-02-06 11:45:00,83346.56,83402.72,83314.03,83379.26,0
2026-02-06 12:00:00,83379.88,83457.19,83241.62,83310.22,0
2026-02-06 12:15:00,83311.67,83314.35,83158.86,83189.42,0
2026-02-06 12:30:00,83188.84,83190.34,83074.1,83094.39,0
2026-02-06 12:45:00,83094.4,83185.54,83054.22,83156.06,0
2026-02-06 13:00:00,83160.29,83217.21,83113.69,83165.57,0
2026-02-06 13:15:00,83165.28,83221.48,83164.09,83197.9,0
2026-02-06 13:30:00,83207.0,83294.28,83140.31,83233.6,0
2026-02-06 13:45:00,83233.6,83384.4,83214.8,83361.84,0
2026-02-06 14:00:00,83361.84,83404.65,83323.72,83337.14,0
2026-02-06 14:15:00,83337.14,83385.07,83297.53,83335.31,0
2026-02-06 14:30:00,83334.09,83461.04,83319.54,83456.49,0
2026-02-06 14:45:00,83456.4,83507.23,83395.67,83504.79,0
2026-02-06 15:00:00,83511.51,83610.38,83511.51,83594.93,0
2026-02-06 15:15:00,83590.37,83609.24,83481.54,83531.1,0
2026-02-06 15:30:00,83526.59,83580.4,83526.59,83580.4,0
2026-02-06 15:45:00,83580.4,83580.4,83580.4,83580.4,0
2026-02-09 09:00:00,84763.58,84763.58,82621.52,84177.51,0
2026-02-09 09:15:00,84177.51,84299.45,83922.61,84006.1,0
2026-02-09 09:30:00,84005.89,84038.94,83860.42,83902.65,0
2026-02-09 09:45:00,83901.59,83987.39,83890.2,83974.31,0
2026-02-09 10:00:00,83967.77,84018.63,83898.88,83908.34,0
2026-02-09 10:15:00,83908.31,83996.35,83888.2,83922.34,0
2026-02-09 10:30:00,83917.95,84054.96,83916.6,84050.94,0
2026-02-09 10:45:00,84049.01,84103.57,84027.57,84097.26,0
2026-02-09 11:00:00,84097.65,84102.29,84053.6,84072.04,0
2026-02-09 11:15:00,84074.95,84092.04,84040.44,84048.86,0
2026-02-09 11:30:00,84048.86,84084.6,83996.64,84044.97,0
2026-02-09 11:45:00,84044.69,84045.78,83966.59,83995.88,0
2026-02-09 12:00:00,83997.72,84069.2,83975.41,84041.36,0
2026-02-09 12:15:00,84042.06,84071.84,84021.65,84031.59,0
2026-02-09 12:30:00,84032.52,84032.99,83968.56,83982.64,0
2026-02-09 12:45:00,83980.85,83993.77,83928.67,83984.75,0
2026-02-09 13:00:00,83985.24,84047.66,83974.17,84018.44,0
2026-02-09 13:15:00,84015.46,84051.18,83980.19,83984.74,0
2026-02-09 13:30:00,83988.65,84049.45,83981.56,84046.36,0
2026-02-09 13:45:00,84046.01,84046.01,84005.2,84005.2,0
2026-02-09 14:00:00,84011.67,84033.78,83975.57,83997.25,0
2026-02-09 14:15:00,83999.06,84058.9,83989.62,84040.58,0
2026-02-09 14:30:00,84041.72,84051.31,83980.15,83991.88,0
2026-02-09 14:45:00,83990.54,84043.23,83978.01,84022.32,0
2026-02-09 15:00:00,84025.87,84083.21,84025.87,84066.76,0
2026-02-09 15:15:00,84062.75,84079.97,84016.11,84043.49,0
2026-02-09 15:30:00,84043.49,84065.75,84043.49,84065.75,0
2026-02-09 15:45:00,84065.75,84065.75,84065.75,84065.75,0
2026-02-10 09:00:00,84065.75,84436.05,83314.61,84210.0,0
2026-02-10 09:15:00,84197.96,84293.16,84064.6,84250.26,0
2026-02-10 09:30:00,84250.04,84350.2,84224.17,84337.02,0
2026-02-10 09:45:00,84337.22,84373.78,84274.99,84343.94,0
2026-02-10 10:00:00,84346.04,84400.13,84310.31,84320.36,0
2026-02-10 10:15:00,84320.3,84412.13,84318.9,84398.33,0
2026-02-10 10:30:00,84398.15,84447.37,84360.22,84404.94,0
2026-02-10 10:45:00,84404.94,84445.94,84379.43,84401.16,0
2026-02-10 11:00:00,84395.43,84430.64,84382.05,84389.64,0
2026-02-10 11:15:00,84385.09,84405.25,84345.26,84367.63,0
2026-02-10 11:30:00,84371.79,84399.3,84337.04,84364.27,0
2026-02-10 11:45:00,84366.28,84399.23,84336.82,84395.01,0
2026-02-10 12:00:00,84392.86,84404.45,84348.11,84381.55,0
2026-02-10 12:15:00,84382.07,84408.25,84350.85,84360.68,0
2026-02-10 12:30:00,84358.94,84393.72,84336.59,84390.44,0
2026-02-10 12:45:00,84395.04,84482.95,84387.16,84414.45,0
2026-02-10 13:00:00,84412.02,84441.82,84354.84,84435.59,0
2026-02-10 13:15:00,84437.08,84456.58,84272.64,84308.24,0
2026-02-10 13:30:00,84302.28,84302.59,84225.54,84269.65,0
2026-02-10 13:45:00,84269.46,84297.16,84206.09,84208.07,0
2026-02-10 14:00:00,84209.41,84249.97,84157.12,84224.51,0
2026-02-10 14:15:00,84225.9,84301.27,84225.85,84246.33,0
2026-02-10 14:30:00,84246.05,84267.96,84196.5,84223.18,0
2026-02-10 14:45:00,84222.43,84323.02,84219.03,84314.18,0
2026-02-10 15:00:00,84319.86,84392.12,84265.96,84277.72,0
2026-02-10 15:15:00,84274.6,84290.06,84184.37,84225.38,0
2026-02-10 15:30:00,84222.69,84273.92,84222.69,84273.92,0
2026-02-10 15:45:00,84273.92,84273.92,84273.92,84273.92,0
2026-02-11 09:00:00,83177.79,84467.42,82153.61,84339.15,0
2026-02-11 09:15:00,84479.36,84479.36,84264.52,84342.76,0
2026-02-11 09:30:00,84344.55,84358.11,84173.74,84221.64,0
2026-02-11 09:45:00,84218.62,84312.41,84192.53,84284.78,0
2026-02-11 10:00:00,84279.85,84281.55,84147.59,84184.91,0
2026-02-11 10:15:00,84187.08,84336.35,84181.72,84336.19,0
2026-02-11 10:30:00,84335.62,84382.56,84298.59,84344.1,0
2026-02-11 10:45:00,84342.77,84382.01,84291.79,84323.09,0
2026-02-11 11:00:00,84322.33,84341.42,84210.84,84294.78,0
2026-02-11 11:15:00,84295.61,84327.24,84254.28,84299.4,0
2026-02-11 11:30:00,84300.63,84363.17,84252.93,84290.76,0
2026-02-11 11:45:00,84289.47,84316.14,84224.48,84227.54,0
2026-02-11 12:00:00,84226.22,84302.1,84192.95,84276.55,0
2026-02-11 12:15:00,84274.74,84275.29,84206.16,84219.01,0
2026-02-11 12:30:00,84222.73,84235.36,84082.23,84118.7,0
2026-02-11 12:45:00,84123.32,84214.5,84099.1,84180.31,0
2026-02-11 13:00:00,84178.34,84191.31,84119.92,84159.57,0
2026-02-11 13:15:00,84160.47,84223.78,84148.7,84222.43,0
2026-02-11 13:30:00,84223.32,84301.37,84189.93,84236.39,0
2026-02-11 13:45:00,84235.55,84263.73,84147.34,84175.36,0
2026-02-11 14:00:00,84174.2,84254.35,84151.48,84252.6,0
2026-02-11 14:15:00,84253.04,84295.22,84198.46,84223.55,0
2026-02-11 14:30:00,84223.96,84241.64,84165.77,84207.45,0
2026-02-11 14:45:00,84205.12,84246.0,84182.94,84191.26,0
2026-02-11 15:00:00,84199.82,84275.11,84199.82,84249.6,0
2026-02-11 15:15:00,84253.6,84256.57,84187.91,84197.97,0
2026-02-11 15:30:00,84199.37,84233.64,84199.37,84233.64,0
2026-02-11 15:45:00,84233.64,84233.64,84233.64,84233.64,0
2026-02-12 09:00:00,84344.32,84344.32,82815.68,83968.43,0
2026-02-12 09:15:00,84021.7,84021.7,83818.93,83836.52,0
2026-02-12 09:30:00,83831.76,83881.44,83796.95,83878.35,0
2026-02-12 09:45:00,83877.58,83949.86,83804.84,83915.25,0
2026-02-12 10:00:00,83911.16,83978.58,83862.69,83976.24,0
2026-02-12 10:15:00,83970.94,83991.76,83910.15,83939.66,0
2026-02-12 10:30:00,83927.81,83941.86,83875.79,83893.27,0
2026-02-12 10:45:00,83895.13,83912.16,83855.74,83872.65,0
2026-02-12 11:00:00,83865.21,83908.9,83840.77,83866.29,0
2026-02-12 11:15:00,83862.28,83863.01,83771.06,83791.85,0
2026-02-12 11:30:00,83789.72,83798.9,83713.65,83766.57,0
2026-02-12 11:45:00,83771.17,83795.5,83692.85,83764.87,0
2026-02-12 12:00:00,83767.23,83795.77,83707.12,83786.27,0
2026-02-12 12:15:00,83787.26,83822.07,83760.94,83760.94,0
2026-02-12 12:30:00,83766.71,83833.91,83761.96,83819.14,0
2026-02-12 12:45:00,83817.02,83863.02,83790.87,83852.47,0
2026-02-12 13:00:00,83853.15,83863.45,83767.49,83803.12,0
2026-02-12 13:15:00,83801.22,83931.35,83764.11,83864.73,0
2026-02-12 13:30:00,83866.53,83889.74,83801.95,83817.53,0
2026-02-12 13:45:00,83822.2,83829.53,83686.34,83717.96,0
2026-02-12 14:00:00,83717.24,83751.22,83682.22,83739.74,0
2026-02-12 14:15:00,83732.66,83802.77,83675.74,83759.37,0
2026-02-12 14:30:00,83755.25,83773.73,83647.91,83656.52,0
2026-02-12 14:45:00,83654.4,83684.76,83519.04,83620.57,0
2026-02-12 15:00:00,83620.09,83774.05,83607.71,83674.4,0
2026-02-12 15:15:00,83671.26,83720.72,83599.59,83620.64,0
2026-02-12 15:30:00,83625.62,83674.92,83625.62,83674.92,0
2026-02-12 15:45:00,83674.92,83674.92,83674.92,83674.92,0
2026-02-13 09:00:00,83207.44,83790.79,82583.96,82902.73,0
2026-02-13 09:15:00,82915.94,83063.85,82905.13,82983.69,0
2026-02-13 09:30:00,82985.33,82985.33,82794.11,82910.13,0
2026-02-13 09:45:00,82902.13,82928.17,82800.83,82827.07,0
2026-02-13 10:00:00,82830.75,82890.09,82814.23,82835.03,0
2026-02-13 10:15:00,82832.35,82879.63,82776.89,82871.47,0
2026-02-13 10:30:00,82864.48,82981.99,82864.48,82949.29,0
2026-02-13 10:45:00,82946.13,82954.98,82847.16,82914.63,0
2026-02-13 11:00:00,82917.17,82924.13,82821.4,82880.17,0
2026-02-13 11:15:00,82886.48,82891.81,82803.54,82876.75,0
2026-02-13 11:30:00,82881.49,82881.49,82796.72,82873.24,0
2026-02-13 11:45:00,82877.32,82885.81,82845.26,82881.27,0
2026-02-13 12:00:00,82883.4,82953.18,82871.96,82935.49,0
2026-02-13 12:15:00,82933.98,83038.75,82880.71,82991.15,0
2026-02-13 12:30:00,82990.04,83035.69,82950.95,82975.09,0
2026-02-13 12:45:00,82975.39,83007.91,82818.28,82837.18,0
2026-02-13 13:00:00,82836.31,82948.17,82796.9,82944.87,0
2026-02-13 13:15:00,82944.87,82983.32,82835.93,82864.46,0
2026-02-13 13:30:00,82865.19,82878.54,82788.13,82815.38,0
2026-02-13 13:45:00,82817.3,82817.64,82699.64,82780.91,0
2026-02-13 14:00:00,82779.7,82817.76,82733.8,82800.86,0
2026-02-13 14:15:00,82804.73,82817.31,82747.74,82797.35,0
2026-02-13 14:30:00,82798.09,82809.34,82706.3,82742.89,0
2026-02-13 14:45:00,82744.2,82783.45,82720.83,82767.46,0
2026-02-13 15:00:00,82768.1,82778.43,82615.25,82620.38,0
2026-02-13 15:15:00,82619.92,82664.87,82542.52,82591.27,0
2026-02-13 15:30:00,82593.11,82626.76,82593.11,82626.76,0
2026-02-13 15:45:00,82626.76,82626.76,82626.76,82626.76,0
2026-02-16 09:00:00,82559.92,82594.61,80526.89,82480.4,0
2026-02-16 09:15:00,82469.66,82680.46,82316.64,82611.2,0
2026-02-16 09:30:00,82608.0,82784.93,82563.65,82578.23,0
2026-02-16 09:45:00,82577.14,82701.35,82503.2,82696.3,0
2026-02-16 10:00:00,82694.56,82884.32,82694.38,82852.65,0
2026-02-16 10:15:00,82854.05,82903.79,82777.64,82799.08,0
2026-02-16 10:30:00,82798.3,82834.33,82768.44,82786.24,0
2026-02-16 10:45:00,82786.91,82814.79,82718.63,82765.61,0
2026-02-16 11:00:00,82766.16,82806.75,82721.11,82790.91,0
2026-02-16 11:15:00,82791.53,82823.17,82721.58,82731.19,0
2026-02-16 11:30:00,82736.56,82786.62,82723.91,82755.57,0
2026-02-16 11:45:00,82756.07,82769.91,82698.69,82765.38,0
2026-02-16 12:00:00,82767.86,82859.6,82767.86,82842.74,0
2026-02-16 12:15:00,82840.89,82930.78,82790.05,82930.78,0
2026-02-16 12:30:00,82934.29,82982.71,82913.93,82954.42,0
2026-02-16 12:45:00,82954.26,82959.35,82837.73,82871.12,0
2026-02-16 13:00:00,82872.76,82953.88,82868.78,82920.15,0
2026-02-16 13:15:00,82920.07,82952.27,82881.46,82952.27,0
2026-02-16 13:30:00,82951.96,82981.54,82886.61,82973.61,0
2026-02-16 13:45:00,82974.89,82989.36,82836.34,82890.9,0
2026-02-16 14:00:00,82891.16,82963.19,82884.49,82934.6,0
2026-02-16 14:15:00,82933.55,83097.8,82931.18,83097.06,0
2026-02-16 14:30:00,83095.01,83211.86,83093.85,83171.5,0
2026-02-16 14:45:00,83172.68,83241.18,83148.71,83221.81,0
2026-02-16 15:00:00,83222.17,83332.12,83222.17,83303.9,0
2026-02-16 15:15:00,83308.0,83321.32,83251.14,83294.49,0
2026-02-16 15:30:00,83305.44,83305.44,83277.15,83277.15,0
2026-02-16 15:45:00,83277.15,83277.15,83277.15,83277.15,0
2026-02-17 09:00:00,82519.42,83299.83,82519.42,83197.67,0
2026-02-17 09:15:00,83239.88,83239.88,82987.6,83050.82,0
2026-02-17 09:30:00,83052.27,83228.22,83028.65,83228.22,0
2026-02-17 09:45:00,83227.2,83340.42,83199.09,83316.75,0
2026-02-17 10:00:00,83317.63,83361.28,83262.23,83348.52,0
2026-02-17 10:15:00,83350.21,83503.51,83320.1,83493.16,0
2026-02-17 10:30:00,83493.16,83521.07,83298.0,83303.34,0
2026-02-17 10:45:00,83304.48,83339.11,83255.02,83335.7,0
2026-02-17 11:00:00,83333.4,83349.92,83293.08,83342.78,0
2026-02-17 11:15:00,83342.63,83421.73,83329.68,83421.28,0
2026-02-17 11:30:00,83423.83,83586.57,83390.75,83506.03,0
2026-02-17 11:45:00,83514.83,83575.69,83511.11,83527.31,0
2026-02-17 12:00:00,83527.31,83557.71,83489.14,83493.74,0
2026-02-17 12:15:00,83493.74,83587.99,83493.74,83525.56,0
2026-02-17 12:30:00,83526.78,83536.57,83486.23,83517.42,0
2026-02-17 12:45:00,83517.76,83585.1,83499.26,83511.4,0
2026-02-17 13:00:00,83510.34,83587.47,83440.88,83498.03,0
2026-02-17 13:15:00,83499.38,83553.91,83464.92,83515.63,0
2026-02-17 13:30:00,83514.73,83597.83,83510.14,83543.03,0
2026-02-17 13:45:00,83543.23,83555.58,83381.27,83387.26,0
2026-02-17 14:00:00,83387.66,83491.36,83293.61,83303.32,0
2026-02-17 14:15:00,83304.09,83404.11,83284.26,83340.38,0
2026-02-17 14:30:00,83340.2,83487.8,83320.7,83452.75,0
2026-02-17 14:45:00,83453.16,83457.23,83363.81,83401.75,0
2026-02-17 15:00:00,83428.89,83519.39,83374.1,83446.54,0
2026-02-17 15:15:00,83446.45,83481.77,83422.2,83434.1,0
2026-02-17 15:30:00,83434.1,83450.96,83434.1,83450.96,0
2026-02-17 15:45:00,83450.96,83450.96,83450.96,83450.96,0
2026-02-18 09:00:00,84062.61,84197.16,83224.7,83553.59,0
2026-02-18 09:15:00,83552.35,83552.35,83362.29,83427.64,0
2026-02-18 09:30:00,83427.99,83497.94,83378.64,83463.8,0
2026-02-18 09:45:00,83463.31,83466.96,83197.58,83246.52,0
2026-02-18 10:00:00,83244.12,83272.1,83183.25,83235.96,0
2026-02-18 10:15:00,83236.32,83275.03,83163.62,83228.67,0
2026-02-18 10:30:00,83235.72,83305.65,83176.15,83213.7,0
2026-02-18 10:45:00,83212.27,83387.02,83205.78,83348.25,0
2026-02-18 11:00:00,83350.78,83395.8,83301.77,83330.62,0
2026-02-18 11:15:00,83332.97,83358.43,83277.87,83328.89,0
2026-02-18 11:30:00,83326.98,83417.76,83279.2,83329.9,0
2026-02-18 11:45:00,83328.39,83383.55,83300.29,83358.09,0
2026-02-18 12:00:00,83359.55,83434.08,83347.01,83390.32,0
2026-02-18 12:15:00,83393.28,83458.62,83368.78,83426.77,0
2026-02-18 12:30:00,83428.59,83495.09,83407.95,83453.63,0
2026-02-18 12:45:00,83454.41,83469.07,83402.45,83461.3,0
2026-02-18 13:00:00,83460.6,83495.14,83409.04,83442.6,0
2026-02-18 13:15:00,83447.57,83542.23,83394.81,83449.11,0
2026-02-18 13:30:00,83443.41,83458.77,83396.27,83415.95,0
2026-02-18 13:45:00,83415.95,83497.93,83326.35,83404.31,0
2026-02-18 14:00:00,83404.83,83538.32,83394.43,83521.95,0
2026-02-18 14:15:00,83522.05,83661.1,83509.97,83629.46,0
2026-02-18 14:30:00,83629.46,83657.41,83583.06,83602.25,0
2026-02-18 14:45:00,83599.54,83674.48,83563.55,83642.15,0
2026-02-18 15:00:00,83660.34,83766.91,83660.34,83739.0,0
2026-02-18 15:15:00,83739.86,83769.99,83671.55,83691.01,0
2026-02-18 15:30:00,83688.29,83734.25,83688.29,83734.25,0
2026-02-18 15:45:00,83734.25,83734.25,83734.25,83734.25,0
2026-02-19 09:00:00,83604.31,84817.47,83581.84,83969.82,0
2026-02-19 09:15:00,83975.98,83975.98,83674.1,83697.45,0
2026-02-19 09:30:00,83696.33,83711.85,83563.59,83598.16,0
2026-02-19 09:45:00,83597.97,83700.46,83556.19,83583.67,0
2026-02-19 10:00:00,83583.15,83659.44,83513.17,83544.84,0
2026-02-19 10:15:00,83550.8,83561.82,83433.0,83478.44,0
2026-02-19 10:30:00,83477.84,83509.24,83366.26,83457.8,0
2026-02-19 10:45:00,83458.91,83467.39,83386.25,83419.5,0
2026-02-19 11:00:00,83419.19,83480.44,83370.68,83373.93,0
2026-02-19 11:15:00,83373.67,83387.12,83252.21,83285.7,0
2026-02-19 11:30:00,83283.61,83288.98,83204.74,83252.75,0
2026-02-19 11:45:00,83252.65,83252.65,83147.92,83176.8,0
2026-02-19 12:00:00,83176.8,83198.97,82997.38,82998.79,0
2026-02-19 12:15:00,82998.66,83115.59,82943.49,83074.95,0
2026-02-19 12:30:00,83075.61,83083.91,82887.52,82926.6,0
2026-02-19 12:45:00,82926.15,83010.71,82864.45,82959.06,0
2026-02-19 13:00:00,82957.37,83076.49,82926.76,83037.57,0
2026-02-19 13:15:00,83036.05,83087.79,82952.93,83041.24,0
2026-02-19 13:30:00,83041.14,83044.36,82874.88,82970.66,0
2026-02-19 13:45:00,82970.66,82979.13,82827.04,82827.04,0
2026-02-19 14:00:00,82827.12,82889.35,82777.74,82852.14,0
2026-02-19 14:15:00,82849.31,82983.58,82775.09,82777.55,0
2026-02-19 14:30:00,82777.85,82886.95,82705.09,82706.04,0
2026-02-19 14:45:00,82706.33,82727.95,82588.24,82667.81,0
2026-02-19 15:00:00,82672.96,82694.16,82420.84,82455.04,0
2026-02-19 15:15:00,82459.77,82464.02,82271.03,82348.18,0
2026-02-19 15:30:00,82348.18,82498.14,82348.18,82498.14,0
2026-02-19 15:45:00,82498.14,82498.14,82498.14,82498.14,0
2026-02-20 09:00:00,82985.24,82985.24,81165.89,82272.49,0
2026-02-20 09:15:00,82328.09,82546.11,82227.78,82227.83,0
2026-02-20 09:30:00,82227.52,82535.81,82227.52,82521.03,0
2026-02-20 09:45:00,82521.03,82665.82,82510.44,82658.6,0
2026-02-20 10:00:00,82659.12,82669.48,82502.68,82544.51,0
2026-02-20 10:15:00,82545.29,82833.61,82545.29,82780.67,0
2026-02-20 10:30:00,82785.87,82934.37,82784.71,82921.2,0
2026-02-20 10:45:00,82920.78,82946.0,82847.39,82874.11,0
2026-02-20 11:00:00,82874.42,82884.9,82787.45,82790.78,0
2026-02-20 11:15:00,82791.09,82902.32,82790.98,82878.53,0
2026-02-20 11:30:00,82878.22,82945.23,82856.8,82925.78,0
2026-02-20 11:45:00,82921.54,82973.79,82859.92,82923.0,0
2026-02-20 12:00:00,82921.1,82929.88,82857.08,82926.8,0
2026-02-20 12:15:00,82926.8,83131.28,82920.38,83088.04,0
2026-02-20 12:30:00,83095.56,83113.89,82937.96,82938.19,0
2026-02-20 12:45:00,82938.68,82986.75,82836.33,82893.48,0
2026-02-20 13:00:00,82892.56,82942.02,82718.01,82766.23,0
2026-02-20 13:15:00,82765.74,82825.75,82691.02,82822.44,0
2026-02-20 13:30:00,82821.71,82941.74,82789.17,82839.17,0
2026-02-20 13:45:00,82840.37,82926.4,82805.21,82919.22,0
2026-02-20 14:00:00,82919.94,82956.0,82856.82,82906.72,0
2026-02-20 14:15:00,82906.72,83043.48,82888.54,82915.1,0
2026-02-20 14:30:00,82910.38,83037.22,82893.74,83022.01,0
2026-02-20 14:45:00,83022.69,83086.96,82983.63,83045.79,0
2026-02-20 15:00:00,83059.85,83070.86,82781.66,82795.57,0
2026-02-20 15:15:00,82797.05,82848.12,82705.02,82794.82,0
2026-02-20 15:30:00,82793.06,82814.71,82793.06,82814.71,0
2026-02-20 15:45:00,82814.71,82814.71,82814.71,82814.71,0
2026-02-23 09:00:00,82814.71,83181.91,81475.62,82906.83,0
2026-02-23 09:15:00,83060.28,83469.18,83039.57,83442.23,0
2026-02-23 09:30:00,83442.19,83485.98,83281.51,83337.14,0
2026-02-23 09:45:00,83336.64,83405.75,83268.4,83332.61,0
2026-02-23 10:00:00,83327.47,83350.84,83241.93,83278.43,0
2026-02-23 10:15:00,83283.1,83344.5,83225.15,83243.97,0
2026-02-23 10:30:00,83246.27,83262.45,83107.14,83107.14,0
2026-02-23 10:45:00,83105.36,83177.63,83075.98,83144.42,0
2026-02-23 11:00:00,83144.39,83244.48,83106.86,83239.93,0
2026-02-23 11:15:00,83240.98,83245.15,83106.95,83141.72,0
2026-02-23 11:30:00,83140.12,83178.68,83112.84,83168.91,0
2026-02-23 11:45:00,83168.91,83185.32,83062.82,83131.35,0
2026-02-23 12:00:00,83130.68,83197.57,83110.54,83152.44,0
2026-02-23 12:15:00,83157.83,83218.5,83102.45,83119.6,0
2026-02-23 12:30:00,83120.6,83205.67,83069.17,83199.36,0
2026-02-23 12:45:00,83211.25,83239.32,83068.22,83072.61,0
2026-02-23 13:00:00,83072.61,83146.58,83054.97,83087.73,0
2026-02-23 13:15:00,83087.08,83174.12,83042.01,83172.9,0
2026-02-23 13:30:00,83171.34,83211.21,83053.34,83158.93,0
2026-02-23 13:45:00,83163.07,83168.85,83062.62,83068.52,0
2026-02-23 14:00:00,83067.64,83081.5,82979.28,83041.83,0
2026-02-23 14:15:00,83041.83,83184.97,83017.73,83184.97,0
2026-02-23 14:30:00,83186.26,83300.8,83159.98,83177.63,0
2026-02-23 14:45:00,83177.73,83265.22,83166.9,83168.47,0
2026-02-23 15:00:00,83168.67,83347.7,83168.67,83279.78,0
2026-02-23 15:15:00,83274.5,83330.52,83236.46,83290.81,0
2026-02-23 15:30:00,83287.21,83294.66,83287.21,83294.66,0
2026-02-23 15:45:00,83294.66,83294.66,83294.66,83294.66,0
2026-02-24 09:00:00,83639.61,83639.61,81952.08,83052.54,0
2026-02-24 09:15:00,83041.5,83041.5,82704.65,82709.92,0
2026-02-24 09:30:00,82707.34,82710.72,82481.96,82530.19,0
2026-02-24 09:45:00,82531.29,82636.94,82506.27,82579.27,0
2026-02-24 10:00:00,82579.53,82635.18,82478.13,82478.13,0
2026-02-24 10:15:00,82479.8,82584.39,82451.69,82522.97,0
2026-02-24 10:30:00,82524.02,82571.18,82512.7,82535.29,0
2026-02-24 10:45:00,82537.0,82537.0,82412.0,82437.51,0
2026-02-24 11:00:00,82438.13,82574.49,82434.01,82556.23,0
2026-02-24 11:15:00,82555.96,82589.06,82535.33,82579.29,0
2026-02-24 11:30:00,82575.73,82611.97,82536.0,82536.41,0
2026-02-24 11:45:00,82535.31,82538.0,82439.4,82440.76,0
2026-02-24 12:00:00,82442.17,82444.81,82350.64,82413.58,0
2026-02-24 12:15:00,82415.17,82415.17,82264.47,82298.17,0
2026-02-24 12:30:00,82298.88,82320.13,82234.13,82241.47,0
2026-02-24 12:45:00,82240.96,82243.76,82134.16,82182.15,0
2026-02-24 13:00:00,82183.48,82276.42,82155.63,82251.16,0
2026-02-24 13:15:00,82249.46,82253.04,82106.3,82106.3,0
2026-02-24 13:30:00,82106.57,82106.79,81934.86,82057.32,0
2026-02-24 13:45:00,82057.32,82201.8,82031.39,82184.57,0
2026-02-24 14:00:00,82183.58,82320.36,82103.53,82283.85,0
2026-02-24 14:15:00,82285.21,82333.79,82126.72,82195.46,0
2026-02-24 14:30:00,82194.46,82245.67,82117.46,82117.87,0
2026-02-24 14:45:00,82113.45,82232.47,82045.99,82216.11,0
2026-02-24 15:00:00,82217.76,82269.02,82122.81,82210.09,0
2026-02-24 15:15:00,82208.02,82342.42,82184.64,82323.31,0
2026-02-24 15:30:00,82319.89,82319.89,82225.92,82225.92,0
2026-02-24 15:45:00,82225.92,82225.92,82225.92,82225.92,0
2026-02-25 09:00:00,82170.35,82682.37,80960.02,82530.12,0
2026-02-25 09:15:00,82513.3,82804.1,82513.3,82759.81,0
2026-02-25 09:30:00,82763.54,82769.36,82681.98,82689.86,0
2026-02-25 09:45:00,82688.43,82807.15,82664.43,82791.08,0
2026-02-25 10:00:00,82794.22,82907.71,82772.59,82896.86,0
2026-02-25 10:15:00,82896.75,82957.71,82850.75,82868.6,0
2026-02-25 10:30:00,82867.07,82920.3,82803.67,82804.67,0
2026-02-25 10:45:00,82806.34,82837.17,82752.65,82796.44,0
2026-02-25 11:00:00,82802.53,82840.51,82739.39,82759.25,0
2026-02-25 11:15:00,82757.16,82798.26,82698.02,82761.62,0
2026-02-25 11:30:00,82762.66,82769.62,82645.81,82672.59,0
2026-02-25 11:45:00,82679.0,82785.63,82645.86,82653.16,0
2026-02-25 12:00:00,82657.27,82739.35,82655.14,82688.6,0
2026-02-25 12:15:00,82686.83,82737.1,82620.34,82657.92,0
2026-02-25 12:30:00,82659.39,82670.97,82371.83,82393.39,0
2026-02-25 12:45:00,82396.9,82397.49,82234.78,82292.73,0
2026-02-25 13:00:00,82290.94,82302.88,82168.04,82245.49,0
2026-02-25 13:15:00,82247.39,82320.21,82141.37,82230.48,0
2026-02-25 13:30:00,82230.38,82292.64,82220.41,82230.19,0
2026-02-25 13:45:00,82229.49,82271.63,82190.01,82262.62,0
2026-02-25 14:00:00,82266.47,82270.22,82132.63,82221.96,0
2026-02-25 14:15:00,82225.27,82376.97,82189.71,82189.71,0
2026-02-25 14:30:00,82191.7,82308.22,82188.78,82267.15,0
2026-02-25 14:45:00,82269.83,82280.16,82144.86,82227.59,0
2026-02-25 15:00:00,82237.5,82364.38,82213.16,82266.89,0
2026-02-25 15:15:00,82260.42,82304.89,82239.07,82274.98,0
2026-02-25 15:30:00,82269.6,82276.07,82269.6,82276.07,0
2026-02-25 15:45:00,82276.07,82276.07,82276.07,82276.07,0
2026-02-26 09:00:00,82258.47,82540.95,80961.08,82418.78,0
2026-02-26 09:15:00,82464.89,82563.47,82247.17,82296.26,0
2026-02-26 09:30:00,82300.9,82499.77,82291.73,82488.17,0
2026-02-26 09:45:00,82490.82,82539.11,82287.32,82365.45,0
2026-02-26 10:00:00,82363.86,82550.28,82337.54,82523.98,0
2026-02-26 10:15:00,82525.96,82532.23,82352.61,82375.26,0
2026-02-26 10:30:00,82371.64,82461.04,82361.11,82418.75,0
2026-02-26 10:45:00,82418.11,82481.79,82326.73,82348.38,0
2026-02-26 11:00:00,82340.58,82424.6,82296.8,82411.18,0
2026-02-26 11:15:00,82410.03,82549.98,82360.29,82414.07,0
2026-02-26 11:30:00,82412.22,82442.74,82164.98,82171.86,0
2026-02-26 11:45:00,82167.36,82303.7,82131.13,82169.29,0
2026-02-26 12:00:00,82168.52,82264.97,82139.35,82174.36,0
2026-02-26 12:15:00,82177.02,82234.83,81983.96,82089.72,0
2026-02-26 12:30:00,82096.3,82191.91,82081.39,82178.83,0
2026-02-26 12:45:00,82177.24,82184.21,82000.44,82012.44,0
2026-02-26 13:00:00,82012.09,82147.48,82012.09,82074.93,0
2026-02-26 13:15:00,82076.36,82153.38,81971.65,82107.67,0
2026-02-26 13:30:00,82107.0,82141.49,82048.51,82072.51,0
2026-02-26 13:45:00,82072.86,82165.17,82019.21,82133.03,0
2026-02-26 14:00:00,82134.15,82175.29,82007.23,82140.74,0
2026-02-26 14:15:00,82142.05,82197.62,82067.85,82130.5,0
2026-02-26 14:30:00,82129.73,82362.88,82075.72,82361.04,0
2026-02-26 14:45:00,82370.98,82412.44,82256.97,82298.27,0
2026-02-26 15:00:00,82307.29,82376.44,82181.36,82205.37,0
2026-02-26 15:15:00,82206.74,82287.01,82198.07,82230.55,0
2026-02-26 15:30:00,82230.55,82248.61,82230.55,82248.61,0
2026-02-26 15:45:00,82248.61,82248.61,82248.61,82248.61,0
2026-02-27 09:00:00,82589.31,82589.31,81746.79,82220.48,0
2026-02-27 09:15:00,82198.04,82198.04,81869.37,81870.34,0
2026-02-27 09:30:00,81871.38,81943.08,81847.47,81890.88,0
2026-02-27 09:45:00,81894.51,81894.51,81794.8,81795.32,0
2026-02-27 10:00:00,81798.38,81807.01,81728.94,81760.74,0
2026-02-27 10:15:00,81761.51,81808.39,81673.38,81786.21,0
2026-02-27 10:30:00,81789.34,81852.1,81750.14,81752.48,0
2026-02-27 10:45:00,81752.76,81789.04,81717.69,81723.74,0
2026-02-27 11:00:00,81719.57,81820.05,81719.57,81790.1,0
2026-02-27 11:15:00,81796.96,81820.11,81713.18,81729.42,0
2026-02-27 11:30:00,81730.72,81737.29,81620.86,81687.9,0
2026-02-27 11:45:00,81688.05,81754.89,81684.62,81743.15,0
2026-02-27 12:00:00,81741.17,81789.45,81659.5,81663.56,0
2026-02-27 12:15:00,81662.71,81735.43,81596.49,81699.93,0
2026-02-27 12:30:00,81696.9,81732.21,81609.27,81625.73,0
2026-02-27 12:45:00,81626.42,81675.37,81589.24,81613.27,0
2026-02-27 13:00:00,81609.64,81677.66,81593.85,81639.16,0
2026-02-27 13:15:00,81639.75,81676.86,81602.53,81672.05,0
2026-02-27 13:30:00,81672.17,81713.15,81625.82,81668.82,0
2026-02-27 13:45:00,81669.31,81816.77,81669.31,81808.37,0
2026-02-27 14:00:00,81809.36,81841.19,81719.07,81744.43,0
2026-02-27 14:15:00,81744.89,81760.07,81631.84,81637.6,0
2026-02-27 14:30:00,81636.87,81675.97,81611.14,81626.89,0
2026-02-27 14:45:00,81627.31,81692.22,81614.23,81686.73,0
2026-02-27 15:00:00,81681.74,81686.63,81159.6,81247.4,0
2026-02-27 15:15:00,81238.41,81334.27,81231.8,81316.53,0
2026-02-27 15:30:00,81318.32,81318.32,81287.19,81287.19,0
2026-02-27 15:45:00,81287.19,81287.19,81287.19,81287.19,0
2026-03-02 09:00:00,81287.19,81287.19,73601.9,78543.73,0
2026-03-02 09:15:00,78689.45,80478.09,78689.45,80333.66,0
2026-03-02 09:30:00,80327.6,80607.97,80320.63,80555.73,0
2026-03-02 09:45:00,80556.04,80632.55,80298.04,80496.02,0
2026-03-02 10:00:00,80496.68,80524.4,80242.94,80302.08,0
2026-03-02 10:15:00,80298.59,80326.45,80216.58,80253.06,0
2026-03-02 10:30:00,80237.18,80330.62,80108.39,80109.13,0
2026-03-02 10:45:00,80108.56,80242.74,80099.49,80235.67,0
2026-03-02 11:00:00,80241.17,80269.95,80174.37,80190.19,0
2026-03-02 11:15:00,80187.82,80199.15,80019.58,80029.48,0
2026-03-02 11:30:00,80034.29,80132.33,80014.87,80089.8,0
2026-03-02 11:45:00,80096.76,80166.93,79988.22,80000.63,0
2026-03-02 12:00:00,79999.5,80001.44,79882.03,79889.35,0
2026-03-02 12:15:00,79886.19,79901.12,79777.86,79812.87,0
2026-03-02 12:30:00,79813.32,79844.43,79671.98,79675.06,0
2026-03-02 12:45:00,79668.33,79750.44,79659.36,79711.8,0
2026-03-02 13:00:00,79716.11,79747.81,79689.74,79707.11,0
2026-03-02 13:15:00,79707.88,79736.53,79646.16,79657.29,0
2026-03-02 13:30:00,79660.68,79690.87,79562.54,79633.64,0
2026-03-02 13:45:00,79633.92,79643.66,79426.1,79450.5,0
2026-03-02 14:00:00,79451.26,80012.37,79421.05,79976.28,0
2026-03-02 14:15:00,79980.39,79992.95,79780.71,79806.09,0
2026-03-02 14:30:00,79805.6,80238.61,79771.02,80200.61,0
2026-03-02 14:45:00,80198.46,80291.97,80072.29,80075.01,0
2026-03-02 15:00:00,80098.99,80344.62,80035.21,80344.53,0
2026-03-02 15:15:00,80345.64,80371.46,80141.24,80195.59,0
2026-03-02 15:30:00,80193.93,80238.85,80193.93,80238.85,0
2026-03-02 15:45:00,80238.85,80238.85,80238.85,80238.85,0
2026-03-04 09:00:00,81121.99,81121.99,76746.56,78528.82,0
2026-03-04 09:15:00,78612.54,78921.53,78448.46,78570.95,0
2026-03-04 09:30:00,78572.34,78765.62,78461.76,78763.19,0
2026-03-04 09:45:00,78767.24,78782.95,78506.75,78528.24,0
2026-03-04 10:00:00,78528.81,78815.77,78458.43,78810.33,0
2026-03-04 10:15:00,78808.85,78912.81,78717.44,78859.81,0
2026-03-04 10:30:00,78856.99,78868.31,78723.71,78757.31,0
2026-03-04 10:45:00,78754.56,78864.33,78709.9,78786.74,0
2026-03-04 11:00:00,78799.94,79015.16,78755.27,78901.9,0
2026-03-04 11:15:00,78906.51,78950.11,78689.3,78713.78,0
2026-03-04 11:30:00,78723.99,78784.61,78678.37,78703.5,0
2026-03-04 11:45:00,78702.59,78811.34,78670.46,78741.67,0
2026-03-04 12:00:00,78743.84,78846.39,78739.74,78781.92,0
2026-03-04 12:15:00,78783.75,78801.58,78718.16,78743.65,0
2026-03-04 12:30:00,78747.65,78824.65,78720.19,78781.98,0
2026-03-04 12:45:00,78778.94,78942.58,78774.83,78908.93,0
2026-03-04 13:00:00,78905.25,79033.28,78890.38,79033.28,0
2026-03-04 13:15:00,79031.51,79080.22,78939.83,79015.55,0
2026-03-04 13:30:00,79016.86,79042.84,78875.78,79038.41,0
2026-03-04 13:45:00,79039.51,79064.21,78882.81,78955.03,0
2026-03-04 14:00:00,78954.9,79358.25,78954.9,79352.63,0
2026-03-04 14:15:00,79358.07,79403.9,79212.96,79257.41,0
2026-03-04 14:30:00,79259.14,79466.36,79171.34,79455.31,0
2026-03-04 14:45:00,79452.16,79526.82,79340.48,79444.97,0
2026-03-04 15:00:00,79451.77,79451.77,79028.24,79075.92,0
2026-03-04 15:15:00,79077.16,79150.58,79023.12,79120.74,0
2026-03-04 15:30:00,79108.52,79116.19,79108.52,79116.19,0
2026-03-04 15:45:00,79116.19,79116.19,79116.19,79116.19,0
2026-03-05 09:00:00,79827.55,79827.55,78234.61,79530.48,0
2026-03-05 09:15:00,79546.87,79666.46,79316.93,79342.29,0
2026-03-05 09:30:00,79349.43,79496.77,79228.62,79457.83,0
2026-03-05 09:45:00,79461.83,79642.03,79422.98,79552.92,0
2026-03-05 10:00:00,79550.87,79596.85,79425.56,79425.56,0
2026-03-05 10:15:00,79423.81,79487.11,79218.6,79336.82,0
2026-03-05 10:30:00,79335.61,79615.81,79267.86,79598.4,0
2026-03-05 10:45:00,79594.47,79675.37,79512.79,79667.99,0
2026-03-05 11:00:00,79667.74,79679.84,79556.43,79604.93,0
2026-03-05 11:15:00,79606.12,79664.18,79471.47,79483.41,0
2026-03-05 11:30:00,79485.88,79581.8,79406.56,79440.62,0
2026-03-05 11:45:00,79441.68,79448.11,79304.51,79385.42,0
2026-03-05 12:00:00,79386.47,79533.38,79370.7,79494.37,0
2026-03-05 12:15:00,79496.13,79607.0,79422.32,79602.91,0
2026-03-05 12:30:00,79605.35,79658.04,79544.42,79603.07,0
2026-03-05 12:45:00,79603.51,79642.37,79492.43,79630.19,0
2026-03-05 13:00:00,79630.39,79650.98,79533.9,79554.47,0
2026-03-05 13:15:00,79554.92,79586.2,79500.14,79579.59,0
2026-03-05 13:30:00,79582.14,79647.63,79429.73,79478.32,0
2026-03-05 13:45:00,79476.83,79531.64,79313.67,79325.37,0
2026-03-05 14:00:00,79324.28,79393.23,79254.74,79271.4,0
2026-03-05 14:15:00,79271.26,79526.98,79202.09,79476.55,0
2026-03-05 14:30:00,79480.31,79952.18,79344.85,79821.81,0
2026-03-05 14:45:00,79819.78,80302.25,79778.07,80281.43,0
2026-03-05 15:00:00,80287.03,80302.39,79817.03,79821.26,0
2026-03-05 15:15:00,79828.84,79988.93,79773.0,79927.11,0
2026-03-05 15:30:00,79927.4,80015.9,79927.4,80015.9,0
2026-03-05 15:45:00,80015.9,80015.9,80015.9,80015.9,0
2026-03-06 09:00:00,80084.28,80771.78,79426.66,79658.99,0
2026-03-06 09:15:00,79624.39,79713.93,79444.72,79706.76,0
2026-03-06 09:30:00,79713.83,79726.76,79599.64,79715.08,0
2026-03-06 09:45:00,79714.26,79747.34,79537.68,79541.82,0
2026-03-06 10:00:00,79543.18,79654.55,79522.14,79623.62,0
2026-03-06 10:15:00,79623.37,79691.71,79594.29,79613.15,0
2026-03-06 10:30:00,79611.4,79614.11,79493.04,79534.67,0
2026-03-06 10:45:00,79530.8,79543.63,79395.93,79448.65,0
2026-03-06 11:00:00,79448.04,79618.17,79448.04,79522.32,0
2026-03-06 11:15:00,79517.81,79525.22,79432.48,79474.52,0
2026-03-06 11:30:00,79471.03,79605.95,79468.3,79497.2,0
2026-03-06 11:45:00,79494.83,79543.11,79469.25,79513.44,0
2026-03-06 12:00:00,79514.41,79527.5,79441.66,79457.2,0
2026-03-06 12:15:00,79452.98,79492.5,79346.3,79352.28,0
2026-03-06 12:30:00,79352.28,79416.82,79352.07,79410.97,0
2026-03-06 12:45:00,79412.53,79442.88,79362.9,79432.05,0
2026-03-06 13:00:00,79432.05,79452.52,79367.06,79395.98,0
2026-03-06 13:15:00,79395.98,79451.33,79380.45,79441.91,0
2026-03-06 13:30:00,79441.16,79474.69,79325.05,79407.05,0
2026-03-06 13:45:00,79400.37,79402.41,79248.9,79248.9,0
2026-03-06 14:00:00,79247.02,79422.06,79209.11,79353.91,0
2026-03-06 14:15:00,79354.14,79455.19,79354.14,79385.32,0
2026-03-06 14:30:00,79387.94,79415.72,79212.64,79243.14,0
2026-03-06 14:45:00,79244.35,79294.66,78911.05,79042.5,0
2026-03-06 15:00:00,79039.44,79058.52,78864.67,78897.89,0
2026-03-06 15:15:00,78893.18,79012.72,78815.07,78988.3,0
2026-03-06 15:30:00,78998.53,78998.53,78918.9,78918.9,0
2026-03-06 15:45:00,78918.9,78918.9,78918.9,78918.9,0
2026-03-09 09:00:00,78918.9,79014.34,75521.82,77056.75,0
2026-03-09 09:15:00,76854.63,77321.78,76424.85,76561.05,0
2026-03-09 09:30:00,76566.84,76780.75,76566.84,76590.84,0
2026-03-09 09:45:00,76592.6,76753.47,76511.19,76707.93,0
2026-03-09 10:00:00,76702.81,76903.53,76628.99,76825.92,0
2026-03-09 10:15:00,76819.7,76819.7,76651.28,76762.46,0
2026-03-09 10:30:00,76759.8,76811.76,76652.41,76800.23,0
2026-03-09 10:45:00,76797.97,77178.55,76708.22,77057.19,0
2026-03-09 11:00:00,77068.43,77088.76,76818.07,76935.63,0
2026-03-09 11:15:00,76934.7,77138.1,76832.73,77110.31,0
2026-03-09 11:30:00,77108.2,77277.81,77060.29,77160.49,0
2026-03-09 11:45:00,77166.35,77204.4,77099.87,77116.82,0
2026-03-09 12:00:00,77120.17,77124.26,76937.69,77002.89,0
2026-03-09 12:15:00,77003.02,77034.82,76952.2,77000.48,0
2026-03-09 12:30:00,77002.0,77067.02,76923.71,77037.55,0
2026-03-09 12:45:00,77039.49,77178.9,76981.1,77170.2,0
2026-03-09 13:00:00,77170.95,77202.39,77035.16,77059.93,0
2026-03-09 13:15:00,77061.24,77143.64,76993.88,77082.3,0
2026-03-09 13:30:00,77083.21,77245.54,77083.21,77147.47,0
2026-03-09 13:45:00,77143.03,77176.62,77054.68,77079.34,0
2026-03-09 14:00:00,77075.66,77165.78,77017.22,77098.9,0
2026-03-09 14:15:00,77099.98,77204.22,77042.96,77179.06,0
2026-03-09 14:30:00,77179.59,77327.34,77154.31,77296.55,0
2026-03-09 14:45:00,77304.22,77549.9,77291.59,77517.09,0
2026-03-09 15:00:00,77517.62,77709.88,77409.48,77656.67,0
2026-03-09 15:15:00,77646.39,77686.54,77478.1,77509.95,0
2026-03-09 15:30:00,77494.34,77566.16,77494.34,77566.16,0
2026-03-09 15:45:00,77566.16,77566.16,77566.16,77566.16,0
2026-03-10 09:00:00,77758.37,78498.21,76637.33,78375.73,0
2026-03-10 09:15:00,78414.4,78470.86,77890.18,77993.59,0
2026-03-10 09:30:00,77998.01,78012.63,77779.07,77971.58,0
2026-03-10 09:45:00,77970.15,77982.0,77745.47,77777.28,0
2026-03-10 10:00:00,77775.92,77957.05,77775.92,77942.71,0
2026-03-10 10:15:00,77942.41,78146.39,77938.19,77983.46,0
2026-03-10 10:30:00,77981.65,78192.74,77981.65,78152.09,0
2026-03-10 10:45:00,78153.38,78196.79,78026.6,78086.35,0
2026-03-10 11:00:00,78086.28,78171.32,78051.99,78154.82,0
2026-03-10 11:15:00,78159.02,78215.42,78090.84,78154.69,0
2026-03-10 11:30:00,78155.27,78247.31,78155.27,78232.02,0
2026-03-10 11:45:00,78231.11,78232.72,78035.32,78096.63,0
2026-03-10 12:00:00,78095.61,78158.5,77984.08,77984.08,0
2026-03-10 12:15:00,77983.99,78015.1,77876.01,77936.01,0
2026-03-10 12:30:00,77938.61,78032.65,77854.84,77868.43,0
2026-03-10 12:45:00,77868.34,78137.87,77852.12,78092.48,0
2026-03-10 13:00:00,78092.93,78141.94,78001.68,78054.62,0
2026-03-10 13:15:00,78046.67,78086.83,77972.7,78047.13,0
2026-03-10 13:30:00,78047.03,78210.18,78047.03,78135.2,0
2026-03-10 13:45:00,78135.2,78178.71,78092.13,78126.01,0
2026-03-10 14:00:00,78124.8,78323.08,78076.29,78300.8,0
2026-03-10 14:15:00,78300.85,78339.77,78090.66,78124.74,0
2026-03-10 14:30:00,78126.71,78164.82,78037.33,78102.94,0
2026-03-10 14:45:00,78103.51,78244.29,78053.82,78215.56,0
2026-03-10 15:00:00,78214.4,78250.4,78072.23,78198.64,0
2026-03-10 15:15:00,78199.76,78333.71,78182.1,78293.1,0
2026-03-10 15:30:00,78293.1,78293.1,78205.98,78205.98,0
2026-03-10 15:45:00,78205.98,78205.98,78205.98,78205.98,0
2026-03-11 09:00:00,79275.04,79567.99,77873.73,78238.91,0
2026-03-11 09:15:00,78180.76,78322.7,78033.76,78083.67,0
2026-03-11 09:30:00,78082.27,78096.83,77878.32,77922.91,0
2026-03-11 09:45:00,77921.53,78009.45,77790.03,77814.78,0
2026-03-11 10:00:00,77817.6,77858.75,77679.78,77721.14,0
2026-03-11 10:15:00,77718.31,77757.36,77653.5,77710.74,0
2026-03-11 10:30:00,77708.92,77764.72,77509.97,77547.43,0
2026-03-11 10:45:00,77549.54,77632.83,77445.99,77627.11,0
2026-03-11 11:00:00,77628.24,77668.52,77503.03,77522.53,0
2026-03-11 11:15:00,77524.99,77529.1,77292.84,77368.61,0
2026-03-11 11:30:00,77368.87,77376.99,77216.62,77297.3,0
2026-03-11 11:45:00,77301.62,77302.94,77162.08,77206.91,0
2026-03-11 12:00:00,77207.39,77329.11,77191.32,77300.44,0
2026-03-11 12:15:00,77301.72,77340.33,77278.56,77319.26,0
2026-03-11 12:30:00,77319.39,77351.79,77176.47,77299.14,0
2026-03-11 12:45:00,77299.54,77305.17,77178.32,77183.48,0
2026-03-11 13:00:00,77184.34,77236.96,77041.82,77064.06,0
2026-03-11 13:15:00,77063.42,77231.5,77008.99,77229.87,0
2026-03-11 13:30:00,77233.28,77312.35,77163.44,77171.25,0
2026-03-11 13:45:00,77169.78,77180.85,77087.88,77159.78,0
2026-03-11 14:00:00,77159.08,77163.7,77046.58,77105.62,0
2026-03-11 14:15:00,77102.28,77187.45,76927.39,77186.09,0
2026-03-11 14:30:00,77184.67,77202.93,76991.05,77035.09,0
2026-03-11 14:45:00,77034.96,77052.05,76888.14,76893.59,0
2026-03-11 15:00:00,76889.09,76998.46,76811.16,76842.14,0
2026-03-11 15:15:00,76847.26,76917.05,76762.25,76797.55,0
2026-03-11 15:30:00,76789.51,76863.71,76789.51,76863.71,0
2026-03-11 15:45:00,76863.71,76863.71,76863.71,76863.71,0
2026-03-12 09:00:00,78073.8,78073.8,76278.76,76369.65,0
2026-03-12 09:15:00,76309.53,76309.53,75876.35,76053.16,0
2026-03-12 09:30:00,76044.9,76110.0,75929.61,76027.71,0
2026-03-12 09:45:00,76042.27,76339.34,75993.49,76334.63,0
2026-03-12 10:00:00,76329.61,76342.43,76060.67,76068.05,0
2026-03-12 10:15:00,76068.42,76300.58,76001.76,76262.16,0
2026-03-12 10:30:00,76262.28,76411.52,76129.55,76311.3,0
2026-03-12 10:45:00,76316.94,76477.27,76238.19,76473.54,0
2026-03-12 11:00:00,76471.87,76569.44,76425.18,76454.13,0
2026-03-12 11:15:00,76451.54,76497.21,76205.48,76348.39,0
2026-03-12 11:30:00,76343.37,76380.32,76232.75,76366.58,0
2026-03-12 11:45:00,76368.78,76455.05,76271.79,76443.72,0
2026-03-12 12:00:00,76445.5,76483.07,76359.11,76461.49,0
2026-03-12 12:15:00,76467.07,76510.05,76384.97,76436.52,0
2026-03-12 12:30:00,76429.08,76470.37,76303.64,76361.68,0
2026-03-12 12:45:00,76363.11,76417.68,76309.81,76368.89,0
2026-03-12 13:00:00,76365.26,76367.77,76158.96,76322.86,0
2026-03-12 13:15:00,76322.1,76498.44,76246.0,76470.09,0
2026-03-12 13:30:00,76465.19,76681.71,76464.73,76564.15,0
2026-03-12 13:45:00,76562.69,76597.45,76376.12,76376.12,0
2026-03-12 14:00:00,76368.73,76491.44,76275.33,76402.21,0
2026-03-12 14:15:00,76402.93,76479.42,76288.8,76323.74,0
2026-03-12 14:30:00,76321.07,76408.6,76165.13,76165.13,0
2026-03-12 14:45:00,76165.54,76221.29,75956.93,76062.17,0
2026-03-12 15:00:00,76053.67,76201.48,75937.02,76007.32,0
2026-03-12 15:15:00,76006.26,76100.82,75963.41,76076.41,0
2026-03-12 15:30:00,76066.57,76066.57,76034.42,76034.42,0
2026-03-12 15:45:00,76034.42,76034.42,76034.42,76034.42,0
2026-03-13 09:00:00,76391.24,76881.95,75421.86,75444.22,0
2026-03-13 09:15:00,75521.65,75531.0,75323.13,75501.79,0
2026-03-13 09:30:00,75502.18,75576.07,75399.72,75402.55,0
2026-03-13 09:45:00,75398.22,75400.14,75162.62,75167.88,0
2026-03-13 10:00:00,75172.29,75254.68,75083.85,75142.62,0
2026-03-13 10:15:00,75134.94,75240.87,75070.71,75235.91,0
2026-03-13 10:30:00,75224.16,75243.79,75096.87,75136.45,0
2026-03-13 10:45:00,75132.95,75282.04,75095.98,75271.19,0
2026-03-13 11:00:00,75269.82,75283.25,75099.21,75107.38,0
2026-03-13 11:15:00,75105.65,75269.45,75071.32,75268.11,0
2026-03-13 11:30:00,75263.14,75384.78,75236.97,75375.2,0
2026-03-13 11:45:00,75373.41,75377.91,75238.22,75240.19,0
2026-03-13 12:00:00,75236.34,75244.37,75089.26,75151.91,0
2026-03-13 12:15:00,75150.14,75159.07,74942.61,74976.96,0
2026-03-13 12:30:00,74977.0,74979.58,74689.56,74767.51,0
2026-03-13 12:45:00,74768.9,74878.17,74753.27,74835.14,0
2026-03-13 13:00:00,74836.55,74849.85,74667.55,74669.02,0
2026-03-13 13:15:00,74664.79,74709.53,74540.74,74694.28,0
2026-03-13 13:30:00,74692.69,74728.57,74508.89,74588.63,0
2026-03-13 13:45:00,74591.52,74633.01,74455.4,74476.57,0
2026-03-13 14:00:00,74475.23,74734.06,74474.99,74724.32,0
2026-03-13 14:15:00,74732.73,74835.06,74668.22,74743.19,0
2026-03-13 14:30:00,74740.7,74914.55,74734.51,74791.2,0
2026-03-13 14:45:00,74796.46,74810.11,74534.92,74638.23,0
2026-03-13 15:00:00,74634.85,74676.38,74490.64,74591.6,0
2026-03-13 15:15:00,74587.99,74657.67,74513.93,74646.63,0
2026-03-13 15:30:00,74649.49,74649.49,74563.92,74563.92,0
2026-03-13 15:45:00,74563.92,74563.92,74563.92,74563.92,0
2026-03-16 09:00:00,74147.03,74532.81,72730.45,74415.79,0
2026-03-16 09:15:00,74480.33,74841.8,74430.02,74578.99,0
2026-03-16 09:30:00,74587.03,74981.88,74587.03,74845.52,0
2026-03-16 09:45:00,74842.22,74939.71,74583.24,74585.99,0
2026-03-16 10:00:00,74589.48,74722.34,74510.21,74540.0,0
2026-03-16 10:15:00,74544.99,74547.15,74162.38,74162.38,0
2026-03-16 10:30:00,74160.77,74318.38,74158.94,74266.26,0
2026-03-16 10:45:00,74270.44,74309.0,73950.62,74177.27,0
2026-03-16 11:00:00,74175.62,74387.96,74110.98,74375.54,0
2026-03-16 11:15:00,74375.54,74706.57,74371.29,74613.47,0
2026-03-16 11:30:00,74620.12,74762.1,74548.73,74548.73,0
2026-03-16 11:45:00,74542.57,74620.63,74526.33,74545.44,0
2026-03-16 12:00:00,74550.9,74684.84,74550.9,74603.26,0
2026-03-16 12:15:00,74605.65,74725.9,74575.64,74677.15,0
2026-03-16 12:30:00,74676.3,74680.81,74479.53,74628.28,0
2026-03-16 12:45:00,74627.28,74627.28,74411.07,74545.45,0
2026-03-16 13:00:00,74545.61,74679.87,74416.55,74517.69,0
2026-03-16 13:15:00,74520.2,74682.71,74514.31,74528.7,0
2026-03-16 13:30:00,74528.22,74589.32,74459.92,74476.47,0
2026-03-16 13:45:00,74476.47,74579.29,74425.83,74546.84,0
2026-03-16 14:00:00,74547.23,74712.1,74508.97,74642.67,0
2026-03-16 14:15:00,74644.2,75325.97,74575.7,75264.92,0
2026-03-16 14:30:00,75276.23,75604.37,75249.84,75544.02,0
2026-03-16 14:45:00,75546.56,75805.27,75513.42,75649.98,0
2026-03-16 15:00:00,75654.64,75679.02,75454.28,75606.73,0
2026-03-16 15:15:00,75601.39,75610.8,75278.69,75306.97,0
2026-03-16 15:30:00,75306.97,75502.85,75306.97,75502.85,0
2026-03-16 15:45:00,75502.85,75502.85,75502.85,75502.85,0
2026-03-17 09:00:00,75502.85,78167.32,75502.85,75826.68,0
2026-03-17 09:15:00,75817.0,75817.0,75324.86,75399.61,0
2026-03-17 09:30:00,75402.63,75678.4,75359.37,75637.38,0
2026-03-17 09:45:00,75635.9,75772.77,75579.21,75772.77,0
2026-03-17 10:00:00,75772.01,75869.76,75770.7,75852.55,0
2026-03-17 10:15:00,75856.41,76014.31,75762.38,75762.62,0
2026-03-17 10:30:00,75760.85,75810.56,75591.5,75731.89,0
2026-03-17 10:45:00,75731.78,75885.2,75713.38,75859.3,0
2026-03-17 11:00:00,75854.11,75860.21,75668.63,75677.09,0
2026-03-17 11:15:00,75678.03,75682.57,75379.26,75406.62,0
2026-03-17 11:30:00,75406.03,75505.43,75329.25,75425.45,0
2026-03-17 11:45:00,75425.45,75566.83,75407.32,75526.67,0
2026-03-17 12:00:00,75526.4,75621.53,75470.66,75583.71,0
2026-03-17 12:15:00,75581.69,75590.1,75417.89,75488.76,0
2026-03-17 12:30:00,75489.55,75656.75,75430.1,75656.35,0
2026-03-17 12:45:00,75656.35,75798.29,75653.61,75748.64,0
2026-03-17 13:00:00,75747.61,75907.81,75726.06,75907.54,0
2026-03-17 13:15:00,75907.82,75987.94,75887.66,75937.83,0
2026-03-17 13:30:00,75936.51,76082.38,75822.05,75913.92,0
2026-03-17 13:45:00,75915.76,76023.41,75894.89,75937.07,0
2026-03-17 14:00:00,75941.18,76137.15,75909.65,76124.22,0
2026-03-17 14:15:00,76124.14,76150.32,75892.24,75969.36,0
2026-03-17 14:30:00,75969.52,76148.55,75969.52,76087.04,0
2026-03-17 14:45:00,76084.02,76299.89,76025.25,76299.89,0
2026-03-17 15:00:00,76301.4,76301.4,76016.57,76163.58,0
2026-03-17 15:15:00,76164.41,76164.41,75935.37,76006.31,0
2026-03-17 15:30:00,76017.09,76070.84,76017.09,76070.84,0
2026-03-17 15:45:00,76070.84,76070.84,76070.84,76070.84,0
2026-03-18 09:00:00,77223.07,77771.67,76228.34,76367.55,0
2026-03-18 09:15:00,76299.13,76585.91,76219.65,76464.33,0
2026-03-18 09:30:00,76466.78,76536.11,76415.6,76502.17,0
2026-03-18 09:45:00,76502.28,76608.28,76320.97,76409.49,0
2026-03-18 10:00:00,76411.59,76428.86,76237.89,76318.35,0
2026-03-18 10:15:00,76323.96,76601.3,76321.98,76552.96,0
2026-03-18 10:30:00,76552.93,76609.32,76498.18,76523.92,0
2026-03-18 10:45:00,76527.85,76721.52,76521.27,76689.22,0
2026-03-18 11:00:00,76690.55,76775.49,76670.6,76768.4,0
2026-03-18 11:15:00,76768.21,76829.36,76719.9,76821.46,0
2026-03-18 11:30:00,76817.67,76929.3,76774.73,76881.76,0
2026-03-18 11:45:00,76879.48,76888.3,76828.85,76828.85,0
2026-03-18 12:00:00,76830.1,76850.1,76707.85,76748.1,0
2026-03-18 12:15:00,76750.67,76782.74,76663.99,76709.19,0
2026-03-18 12:30:00,76710.75,76776.26,76668.15,76741.59,0
2026-03-18 12:45:00,76743.51,76787.46,76678.76,76717.71,0
2026-03-18 13:00:00,76730.18,76827.38,76692.24,76826.98,0
2026-03-18 13:15:00,76826.34,76929.21,76768.71,76884.33,0
2026-03-18 13:30:00,76885.69,76937.59,76856.45,76937.59,0
2026-03-18 13:45:00,76945.87,76988.17,76855.86,76887.36,0
2026-03-18 14:00:00,76889.16,76969.6,76817.9,76859.49,0
2026-03-18 14:15:00,76860.04,76999.87,76838.51,76914.21,0
2026-03-18 14:30:00,76913.26,76928.76,76736.39,76738.56,0
2026-03-18 14:45:00,76740.12,76820.07,76717.95,76796.46,0
2026-03-18 15:00:00,76797.53,76825.75,76667.69,76724.06,0
2026-03-18 15:15:00,76725.86,76749.54,76541.44,76678.3,0
2026-03-18 15:30:00,76683.69,76704.13,76683.69,76704.13,0
2026-03-18 15:45:00,76704.13,76704.13,76704.13,76704.13,0
2026-03-19 09:00:00,75659.83,75667.15,72624.86,74750.92,0
2026-03-19 09:15:00,74761.91,75342.47,74761.91,75166.57,0
2026-03-19 09:30:00,75164.03,75191.74,74972.73,75005.82,0
2026-03-19 09:45:00,75010.66,75042.53,74873.03,74942.19,0
2026-03-19 10:00:00,74938.48,75042.3,74879.38,74920.33,0
2026-03-19 10:15:00,74915.94,75085.03,74791.22,75035.78,0
2026-03-19 10:30:00,75042.22,75190.32,75021.84,75188.34,0
2026-03-19 10:45:00,75169.27,75175.17,74989.22,74993.84,0
2026-03-19 11:00:00,74994.92,75030.62,74849.96,74853.06,0
2026-03-19 11:15:00,74863.35,74977.77,74818.02,74904.3,0
2026-03-19 11:30:00,74902.73,74992.89,74902.73,74970.61,0
2026-03-19 11:45:00,74970.58,75038.86,74935.68,75002.14,0
2026-03-19 12:00:00,75001.85,75080.27,74904.99,75053.35,0
2026-03-19 12:15:00,75057.46,75122.53,74982.89,75042.6,0
2026-03-19 12:30:00,75042.6,75084.37,74949.98,74965.76,0
2026-03-19 12:45:00,74966.99,75129.03,74963.04,75091.52,0
2026-03-19 13:00:00,75091.52,75092.76,74853.55,74871.1,0
2026-03-19 13:15:00,74865.65,74912.35,74774.91,74789.19,0
2026-03-19 13:30:00,74783.21,74936.48,74782.0,74861.45,0
2026-03-19 13:45:00,74858.21,74889.47,74712.9,74722.12,0
2026-03-19 14:00:00,74725.85,74788.65,74511.17,74594.21,0
2026-03-19 14:15:00,74596.91,74683.64,74525.16,74559.31,0
2026-03-19 14:30:00,74562.22,74629.32,74477.88,74548.41,0
2026-03-19 14:45:00,74549.7,74562.55,74017.76,74023.73,0
2026-03-19 15:00:00,74035.64,74250.6,73956.43,74126.67,0
2026-03-19 15:15:00,74116.0,74504.27,74096.53,74504.27,0
2026-03-19 15:30:00,74504.27,74504.27,74207.24,74207.24,0
2026-03-19 15:45:00,74207.24,74207.24,74207.24,74207.24,0
2026-03-20 09:00:00,75527.54,75527.54,73549.19,74559.38,0
2026-03-20 09:15:00,74746.53,75179.0,74735.27,75103.46,0
2026-03-20 09:30:00,75102.41,75201.51,74924.08,74924.08,0
2026-03-20 09:45:00,74924.02,75052.95,74911.81,75042.83,0
2026-03-20 10:00:00,75041.55,75042.52,74917.07,74999.37,0
2026-03-20 10:15:00,75000.34,75060.05,74868.39,75057.84,0
2026-03-20 10:30:00,75057.84,75164.77,75038.33,75128.13,0
2026-03-20 10:45:00,75130.24,75209.42,75081.7,75136.29,0
2026-03-20 11:00:00,75136.32,75154.62,75028.71,75106.29,0
2026-03-20 11:15:00,75114.39,75285.85,75103.87,75183.44,0
2026-03-20 11:30:00,75179.98,75228.08,75081.14,75088.04,0
2026-03-20 11:45:00,75090.19,75102.64,74878.65,74950.74,0
2026-03-20 12:00:00,74953.55,74978.11,74826.83,74896.22,0
2026-03-20 12:15:00,74896.06,74896.77,74593.4,74656.75,0
2026-03-20 12:30:00,74657.56,74854.57,74548.8,74829.35,0
2026-03-20 12:45:00,74830.72,74958.58,74819.49,74866.03,0
2026-03-20 13:00:00,74864.35,74971.48,74821.39,74894.07,0
2026-03-20 13:15:00,74894.07,75024.03,74894.07,74987.77,0
2026-03-20 13:30:00,74986.96,75043.65,74921.94,74921.94,0
2026-03-20 13:45:00,74919.51,74919.51,74767.47,74780.78,0
2026-03-20 14:00:00,74780.93,74945.8,74764.49,74801.87,0
2026-03-20 14:15:00,74803.02,74824.09,74708.95,74708.95,0
2026-03-20 14:30:00,74702.75,74766.96,74483.91,74485.58,0
2026-03-20 14:45:00,74480.1,74522.26,74388.13,74461.48,0
2026-03-20 15:00:00,74458.41,74745.56,74410.1,74511.33,0
2026-03-20 15:15:00,74508.92,74629.68,74421.26,74595.78,0
2026-03-20 15:30:00,74596.93,74596.93,74532.96,74532.96,0
2026-03-20 15:45:00,74532.96,74532.96,74532.96,74532.96,0
2026-03-23 09:00:00,75616.39,75616.39,72666.78,73732.58,0
2026-03-23 09:15:00,73663.27,73663.27,72984.42,73225.02,0
2026-03-23 09:30:00,73231.06,73359.53,73214.67,73245.99,0
2026-03-23 09:45:00,73249.05,73249.05,72905.88,72918.21,0
2026-03-23 10:00:00,72915.9,73017.2,72825.4,72838.31,0
2026-03-23 10:15:00,72835.31,72875.41,72692.48,72704.07,0
2026-03-23 10:30:00,72698.76,72860.46,72691.12,72750.18,0
2026-03-23 10:45:00,72757.28,72771.16,72635.59,72715.84,0
2026-03-23 11:00:00,72715.74,72889.04,72628.98,72791.62,0
2026-03-23 11:15:00,72796.42,72828.24,72715.03,72821.33,0
2026-03-23 11:30:00,72823.95,72840.85,72639.88,72682.55,0
2026-03-23 11:45:00,72681.3,72827.26,72668.21,72792.67,0
2026-03-23 12:00:00,72798.48,72824.71,72729.06,72739.39,0
2026-03-23 12:15:00,72737.69,72737.69,72561.62,72670.06,0
2026-03-23 12:30:00,72663.83,72809.26,72624.18,72751.16,0
2026-03-23 12:45:00,72752.8,72807.53,72578.04,72640.46,0
2026-03-23 13:00:00,72642.68,72667.9,72562.68,72605.29,0
2026-03-23 13:15:00,72617.83,72702.45,72609.51,72615.45,0
2026-03-23 13:30:00,72618.26,72865.06,72618.26,72851.77,0
2026-03-23 13:45:00,72853.68,73072.4,72836.1,72994.73,0
2026-03-23 14:00:00,72990.28,73200.02,72952.84,73074.16,0
2026-03-23 14:15:00,73075.51,73177.74,72980.96,73052.94,0
2026-03-23 14:30:00,73049.31,73054.68,72731.55,72995.05,0
2026-03-23 14:45:00,72993.39,73147.83,72938.69,73046.66,0
2026-03-23 15:00:00,73048.7,73050.05,72640.95,72690.12,0
2026-03-23 15:15:00,72686.86,72687.39,72583.09,72619.69,0
2026-03-23 15:30:00,72624.52,72696.39,72624.52,72696.39,0
2026-03-23 15:45:00,72696.39,72696.39,72696.39,72696.39,0
2026-03-24 09:00:00,73756.3,77254.47,73756.3,74212.47,0
2026-03-24 09:15:00,73839.19,73909.73,73475.52,73735.55,0
2026-03-24 09:30:00,73733.36,73783.31,73380.12,73419.02,0
2026-03-24 09:45:00,73420.53,73530.03,73303.88,73473.82,0
2026-03-24 10:00:00,73472.22,73483.01,73262.39,73349.42,0
2026-03-24 10:15:00,73348.38,73552.59,73327.79,73452.54,0
2026-03-24 10:30:00,73456.38,73462.75,73084.46,73230.47,0
2026-03-24 10:45:00,73226.47,73389.53,73108.13,73134.9,0
2026-03-24 11:00:00,73133.0,73365.93,73128.97,73285.71,0
2026-03-24 11:15:00,73304.51,73459.12,73280.13,73430.82,0
2026-03-24 11:30:00,73438.94,73538.31,73404.32,73478.6,0
2026-03-24 11:45:00,73477.83,73706.94,73474.53,73662.93,0
2026-03-24 12:00:00,73662.02,73682.08,73485.72,73488.04,0
2026-03-24 12:15:00,73488.33,74046.12,73472.1,73753.71,0
2026-03-24 12:30:00,73750.44,74228.41,73750.44,74133.66,0
2026-03-24 12:45:00,74135.6,74362.92,74110.3,74195.08,0
2026-03-24 13:00:00,74195.65,74258.39,73995.74,74245.9,0
2026-03-24 13:15:00,74249.38,74382.06,74141.99,74377.7,0
2026-03-24 13:30:00,74368.69,74489.25,74311.18,74432.02,0
2026-03-24 13:45:00,74432.78,74474.84,74135.24,74230.9,0
2026-03-24 14:00:00,74230.72,74290.52,74164.69,74290.52,0
2026-03-24 14:15:00,74285.62,74418.54,74068.1,74153.28,0
2026-03-24 14:30:00,74147.97,74181.06,73946.76,74039.24,0
2026-03-24 14:45:00,74040.9,74151.76,73987.68,74123.89,0
2026-03-24 15:00:00,74100.66,74106.52,73962.35,74020.85,0
2026-03-24 15:15:00,74016.11,74225.54,73948.87,74225.54,0
2026-03-24 15:30:00,74216.69,74216.69,74068.45,74068.45,0
2026-03-24 15:45:00,74068.45,74068.45,74068.45,74068.45,0
2026-03-25 09:00:00,74628.24,75082.08,74279.57,74652.01,0
2026-03-25 09:15:00,74592.67,75002.74,74592.67,74985.81,0
2026-03-25 09:30:00,74983.98,75199.24,74951.6,75174.92,0
2026-03-25 09:45:00,75179.42,75265.14,75159.49,75243.62,0
2026-03-25 10:00:00,75233.34,75318.23,75115.42,75274.75,0
2026-03-25 10:15:00,75277.69,75331.6,75212.8,75317.41,0
2026-03-25 10:30:00,75314.53,75501.88,75253.16,75495.08,0
2026-03-25 10:45:00,75492.58,75541.05,75443.23,75486.0,0
2026-03-25 11:00:00,75489.23,75728.12,75488.35,75728.12,0
2026-03-25 11:15:00,75729.6,75733.76,75541.47,75605.87,0
2026-03-25 11:30:00,75611.11,75659.34,75433.52,75509.05,0
2026-03-25 11:45:00,75504.31,75685.26,75485.46,75630.15,0
2026-03-25 12:00:00,75630.06,75761.31,75613.04,75758.95,0
2026-03-25 12:15:00,75755.41,75794.83,75672.76,75743.06,0
2026-03-25 12:30:00,75738.98,75849.72,75685.26,75793.66,0
2026-03-25 12:45:00,75792.7,75796.17,75523.76,75534.32,0
2026-03-25 13:00:00,75538.55,75681.84,75507.57,75588.51,0
2026-03-25 13:15:00,75585.84,75676.36,75502.88,75625.55,0
2026-03-25 13:30:00,75623.51,75735.08,75551.99,75704.05,0
2026-03-25 13:45:00,75702.24,75809.28,75638.55,75687.18,0
2026-03-25 14:00:00,75687.24,75802.02,75529.22,75537.52,0
2026-03-25 14:15:00,75538.52,75590.1,75293.72,75386.36,0
2026-03-25 14:30:00,75385.44,75479.37,75264.66,75464.71,0
2026-03-25 14:45:00,75462.91,75481.18,75314.28,75355.88,0
2026-03-25 15:00:00,75347.45,75461.26,75189.04,75260.28,0
2026-03-25 15:15:00,75262.26,75309.1,75153.67,75285.16,0
2026-03-25 15:30:00,75284.79,75284.79,75273.45,75273.45,0
2026-03-25 15:45:00,75273.45,75273.45,75273.45,75273.45,0
2026-03-27 09:00:00,75124.56,77048.97,74204.23,74883.79,0
2026-03-27 09:15:00,74861.37,74861.37,74347.98,74433.48,0
2026-03-27 09:30:00,74428.92,74450.23,74266.4,74419.27,0
2026-03-27 09:45:00,74423.57,74423.73,74199.7,74251.75,0
2026-03-27 10:00:00,74244.71,74365.13,74190.37,74203.31,0
2026-03-27 10:15:00,74203.55,74316.49,74173.46,74280.36,0
2026-03-27 10:30:00,74281.01,74383.62,74204.74,74211.24,0
2026-03-27 10:45:00,74204.86,74213.68,74097.49,74158.71,0
2026-03-27 11:00:00,74161.59,74240.25,74142.2,74209.52,0
2026-03-27 11:15:00,74211.98,74211.98,73990.62,74002.65,0
2026-03-27 11:30:00,74006.88,74094.51,73999.39,74059.92,0
2026-03-27 11:45:00,74059.51,74101.92,74030.01,74045.41,0
2026-03-27 12:00:00,74043.02,74076.26,73963.05,74016.61,0
2026-03-27 12:15:00,74016.12,74105.18,73917.68,74099.65,0
2026-03-27 12:30:00,74099.29,74111.01,73997.34,74099.03,0
2026-03-27 12:45:00,74098.46,74118.72,74002.94,74022.25,0
2026-03-27 13:00:00,74024.62,74037.58,73941.85,74013.87,0
2026-03-27 13:15:00,74014.19,74160.96,73974.77,73980.11,0
2026-03-27 13:30:00,73978.99,74017.78,73895.6,73960.74,0
2026-03-27 13:45:00,73960.4,74001.47,73899.63,73933.51,0
2026-03-27 14:00:00,73930.52,73956.31,73793.39,73889.32,0
2026-03-27 14:15:00,73887.97,73900.04,73767.99,73817.01,0
2026-03-27 14:30:00,73814.84,73814.84,73621.72,73694.43,0
2026-03-27 14:45:00,73693.79,73746.49,73646.36,73671.67,0
2026-03-27 15:00:00,73654.4,73660.25,73557.19,73573.63,0
2026-03-27 15:15:00,73575.68,73676.74,73535.62,73664.15,0
2026-03-27 15:30:00,73661.5,73661.5,73583.22,73583.22,0
2026-03-27 15:45:00,73583.22,73583.22,73583.22,73583.22,0
2026-03-30 09:15:00,72565.22,72827.55,72403.58,72624.27,0
2026-03-30 09:30:00,72724.19,73163.64,72724.19,73122.53,0
2026-03-30 09:45:00,72970.43,72978.2,72970.43,72978.2,0
2026-03-30 10:00:00,72816.6,72825.19,72816.6,72825.19,0
2026-03-30 10:15:00,72774.18,72776.0,72774.18,72776.0,0
2026-03-30 10:30:00,72614.15,72616.04,72614.15,72615.28,0
2026-03-30 10:45:00,72546.7,72546.7,72541.12,72541.12,0
2026-03-30 11:00:00,72472.89,72472.89,72467.75,72467.75,0
2026-03-30 11:15:00,72435.94,72445.74,72435.94,72445.74,0
2026-03-30 11:30:00,72397.46,72397.46,72393.78,72393.78,0
2026-03-30 11:45:00,72442.53,72444.3,72441.03,72441.03,0
2026-03-30 12:00:00,72420.87,72425.96,72420.87,72425.96,0
2026-03-30 12:15:00,72683.09,72685.67,72680.69,72685.67,0
2026-03-30 12:30:00,72527.61,72534.3,72527.61,72534.3,0
2026-03-30 12:45:00,72673.01,72674.54,72673.01,72674.54,0
2026-03-30 13:00:00,72518.58,72518.58,72517.33,72517.33,0
2026-03-30 13:15:00,72488.61,72488.61,72486.43,72486.43,0
2026-03-30 13:30:00,72409.53,72409.53,72408.37,72408.38,0
2026-03-30 13:45:00,72348.61,72348.61,72346.77,72346.77,0
2026-03-30 14:00:00,72252.76,72254.61,72249.25,72249.25,0
2026-03-30 14:15:00,72224.79,72224.79,72216.91,72216.91,0
2026-03-30 14:30:00,72084.51,72087.93,72080.38,72087.93,0
2026-03-30 14:45:00,72058.01,72071.41,72058.01,72071.41,0
2026-03-30 15:00:00,71997.66,71997.66,71968.04,71968.04,0
